YEAR,age_group,mean_total_hours,mean_main_hours,mean_other_hours,main_share_pct,other_share_pct
2000,16-24,32.7746324531982,32.06567689640097,0.7089555567972142,97.83687717075208,2.1631228292478784
2001,16-24,32.38029511818032,31.692319715465683,0.6879754027146572,97.87532695361888,2.1246730463811767
2002,16-24,32.170600881461645,31.49008216545159,0.6805187160100481,97.88465649579395,2.115343504206034
2003,16-24,31.990826218597277,31.275335255847132,0.7154909627501644,97.76344956563139,2.236550434368672
2004,16-24,31.971474648604975,31.2446891660413,0.7267854825636673,97.72676896967783,2.273231030322148
2005,16-24,32.15665772441187,31.40492450989783,0.7517332145140379,97.6622781479452,2.3377218520547802
2006,16-24,32.195542825547506,31.509516924284807,0.6860259012627343,97.86918982860469,2.1308101713954186
2007,16-24,32.206221118033234,31.536493590811254,0.6697275272219695,97.9205026110717,2.07949738892828
2008,16-24,31.85159649179206,31.166397648460677,0.6851988433313646,97.84877708246759,2.1512229175323623
2009,16-24,30.495219723618654,29.84056240747094,0.6546573161477143,97.85324610846901,2.146753891531006
2010,16-24,30.54193979574997,29.89423393929873,0.6477058564512391,97.87929037650264,2.120709623497359
2011,16-24,30.682173648834947,30.009464726874814,0.6727089219601389,97.80749261881034,2.1925073811896727
2012,16-24,30.83955596414097,30.183981918436096,0.6555740457048673,97.87424291560116,2.1257570843988263
2013,16-24,31.28289746729974,30.54565272037532,0.7372447469244301,97.64329775496317,2.3567022450368538
2014,16-24,31.37899160527837,30.66534482123483,0.7136467840435436,97.72571791655824,2.274282083441772
2015,16-24,31.437400932529652,30.72917079333974,0.7082301391899208,97.74717337253833,2.2528266274617
2016,16-24,31.657301511335028,30.909208588312513,0.7480929230225152,97.63690242911369,2.3630975708863167
2017,16-24,31.618019338524427,30.906239362975978,0.7117799755484507,97.74881542095461,2.251184579045389
2018,16-24,31.92401307313795,31.263572371105305,0.6604407020326307,97.93121027572701,2.068789724272949
2019,16-24,31.859684224995775,31.22024693681993,0.6394372881758515,97.9929578596571,2.0070421403429224
2020,16-24,31.474884996275865,30.963953963404247,0.5109310328716237,98.37670246314777,1.6232975368522473
2021,16-24,31.998245715604718,31.42162511965071,0.5766205959540174,98.19796184741213,1.8020381525878915
2022,16-24,31.64456028250034,31.093877500547038,0.5506827819533139,98.25978690480387,1.74021309519616
2023,16-24,31.69129363024896,31.119833757217364,0.5714598730315842,98.196792217765,1.8032077822349688
2024,16-24,31.351626240360783,30.74009449823825,0.6115317421225333,98.0494417181611,1.9505582818388945
2000,25-34,41.18536680778628,40.36874322193674,0.8166235858495313,98.01719967759239,1.982800322407581
2001,25-34,40.536628015360634,39.77195509657043,0.7646729187902263,98.11362474821428,1.886375251785785
2002,25-34,40.37269994585533,39.63135186438384,0.7413480814714697,98.1637391542658,1.8362608457341398
2003,25-34,40.318984461084604,39.58607333749829,0.7329111235863226,98.18221829398082,1.8177817060192067
2004,25-34,40.320907774787315,39.55294703132728,0.7679607434600395,98.09537833882737,1.904621661172633
2005,25-34,40.3048631497172,39.566957034956715,0.737906114760476,98.16918838796339,1.8308116120365827
2006,25-34,40.420367889696685,39.681064752819694,0.7393031368769853,98.17096385937288,1.8290361406271036
2007,25-34,40.28269388098373,39.52779814657523,0.7548957344084974,98.12600483811023,1.87399516188976
2008,25-34,39.95151021583298,39.25170146258621,0.699808753246745,98.24835469431282,1.7516453056871109
2009,25-34,38.85354295846328,38.13696942736726,0.7165735310960131,98.15570607843388,1.8442939215661034
2010,25-34,39.14350332311124,38.42752858763036,0.7159747354808722,98.1708976593872,1.8291023406127882
2011,25-34,39.2797512978079,38.602851438299396,0.6768998595084986,98.27672060758114,1.7232793924188483
2012,25-34,39.43697359793245,38.74556291302904,0.6914106849034185,98.24679578115584,1.7532042188441834
2013,25-34,39.571890123287304,38.88230550262616,0.6895846206611572,98.25738771003174,1.7426122899683023
2014,25-34,39.55249215418209,38.84600480155118,0.7064873526309096,98.2137981346993,1.78620186530069
2015,25-34,39.5440855609405,38.84857126067809,0.6955143002624229,98.24116731896463,1.7588326810354014
2016,25-34,39.84198947315933,39.089921883540434,0.7520675896188965,98.11237440809639,1.8876255919036067
2017,25-34,39.72948766409757,39.02796308547163,0.7015245786259436,98.23424710492836,1.765752895071667
2018,25-34,39.862704900834295,39.102979828326646,0.7597250725076234,98.09414570737836,1.9058542926215802
2019,25-34,40.032495266055676,39.29468781484446,0.7378074512111841,98.15697860873335,1.8430213912665723
2020,25-34,39.108578185696864,38.52417151659848,0.5844066690983719,98.50568162738242,1.4943183726175613
2021,25-34,39.67087648197994,39.023813117127894,0.647063364852041,98.36892092579309,1.6310790742068992
2022,25-34,39.54793813478083,38.85819472007928,0.689743414701549,98.255930783671,1.7440692163289981
2023,25-34,39.51002260844957,38.81137347097729,0.6986491374722914,98.23171668516619,1.7682833148338395
2024,25-34,39.28852767300962,38.5711494042977,0.7173782687119109,98.1740769858252,1.8259230141747829
2000,35-44,41.66437681714723,40.794974320382224,0.8694024967649853,97.91331933133056,2.0866806686693975
2001,35-44,41.12081493974395,40.28385547373694,0.8369594660069938,97.96463307637886,2.035366923621104
2002,35-44,40.9629887198361,40.13652473570783,0.82646398412823,97.9824128806108,2.017587119389117
2003,35-44,40.87871276705705,40.07330085553982,0.8054119115172543,98.02975226713525,1.9702477328647978
2004,35-44,40.918299275459674,40.11964546059287,0.7986538148668223,98.04817446226122,1.9518255377388243
2005,35-44,41.00516139347535,40.20881823815179,0.7963431553235745,98.05794410200696,1.9420558979930924
2006,35-44,41.038932266454474,40.24070156900176,0.7982306974527091,98.05494282290285,1.9450571770971459
2007,35-44,40.97414797915473,40.18327923204531,0.7908687471093796,98.06983479555994,1.9301652044399502
2008,35-44,40.742477785240915,39.93634016913014,0.8061376161107638,98.0213829400361,1.978617059963863
2009,35-44,39.69968976149412,38.93170812960336,0.7679816318907434,98.06552233404189,1.9344776659580627
2010,35-44,39.96579468798951,39.21251575804792,0.7532789299415827,98.11519091307358,1.88480908692642
2011,35-44,40.12855751741272,39.41323775590968,0.7153197615030464,98.21742966665909,1.782570333340919
2012,35-44,40.3314872022095,39.63431426421975,0.6971729379897467,98.27139293303432,1.7286070669656661
2013,35-44,40.452991555608314,39.76125561109047,0.6917359445178817,98.29002524184904,1.7099747581510591
2014,35-44,40.51420003108057,39.81150871489725,0.7026913161833322,98.26556783635306,1.7344321636469702
2015,35-44,40.341073812345265,39.64844020206084,0.6926336102844296,98.28305608941807,1.7169439105819446
2016,35-44,40.514689053740796,39.80577339774051,0.7089156560002942,98.25022560321284,1.7497743967871786
2017,35-44,40.582800661940325,39.839834846058196,0.7429658158821363,98.16925938140365,1.8307406185963655
2018,35-44,40.738104940657614,40.007319881952675,0.7307850587049549,98.20613879862734,1.7938612013727073
2019,35-44,40.6581132661689,39.932703916286144,0.7254093498827608,98.2158312533249,1.784168746675131
2020,35-44,39.82032198843791,39.09965744309828,0.7206645453396436,98.19020914610164,1.809790853898402
2021,35-44,40.24924992435077,39.52648550947228,0.7227644148784956,98.20427854870105,1.795721451298956
2022,35-44,40.30076947249754,39.53879414851824,0.761975323979307,98.10927847295994,1.8907215270400777
2023,35-44,40.17090619190337,39.364297001099565,0.806609190803819,97.99205627338728,2.007943726612756
2024,35-44,39.957041920560926,39.18060219263772,0.7764397279232002,98.05681379150425,1.9431862084957372
2000,45-54,41.79657670700345,40.88026843831741,0.9163082686860429,97.80769541221181,2.192304587788181
2001,45-54,41.35001700999528,40.48837561375994,0.8616413962353768,97.91622480825811,2.0837751917419953
2002,45-54,41.26733357090519,40.39771234529241,0.869621225612781,97.8927128303102,2.1072871696898106
2003,45-54,41.10739370507626,40.25747984571653,0.8499138593597416,97.93245500929245,2.067544990707566
2004,45-54,41.16923725028296,40.31502524560069,0.854212004682252,97.92512064411297,2.0748793558869756
2005,45-54,41.297948584057714,40.45227974587666,0.8456688381810744,97.95227398169722,2.0477260183028285
2006,45-54,41.37310649286264,40.52973085556832,0.8433756372943182,97.96153659034567,2.038463409654314
2007,45-54,41.22103362175967,40.38557108862698,0.8354625331326858,97.97321304264513,2.0267869573548576
2008,45-54,40.9643576059311,40.1129146957432,0.8514429101878993,97.92150308231706,2.078496917682951
2009,45-54,39.969273738691314,39.13733957451494,0.8319341641763713,97.91856572222117,2.0814342777788255
2010,45-54,40.216302122272666,39.45268253952636,0.7636195827462955,98.10121880319922,1.8987811968007526
2011,45-54,40.40419593606167,39.64414743721961,0.7600484988420546,98.11888720655446,1.881112793445529
2012,45-54,40.61503035107358,39.866513523598705,0.7485168274748834,98.15704476642084,1.8429552335791812
2013,45-54,40.70164371523736,39.956102057704676,0.7455416575326663,98.1682762918649,1.83172370813506
2014,45-54,40.7571813204584,40.01632694250305,0.7408543779553333,98.18227278248148,1.8177272175184875
2015,45-54,40.70862868795049,39.963555530652,0.7450731572984706,98.16974144963271,1.8302585503672535
2016,45-54,40.86349951993509,40.09223358356302,0.7712659363720611,98.11257981956291,1.8874201804370725
2017,45-54,40.81015564226026,40.0212561333905,0.7888995088697679,98.06690394473078,1.9330960552692342
2018,45-54,40.99424606295562,40.19758522177208,0.7966608411835232,98.05665204828968,1.9433479517102874
2019,45-54,41.1152034848634,40.286019101549265,0.8291843833141189,97.98326576780921,2.016734232190737
2020,45-54,40.252652860248496,39.50502014201041,0.7476327182381081,98.14264982525808,1.85735017474198
2021,45-54,40.84721859944179,40.06871143579626,0.7785071636455434,98.09409994036615,1.9059000596338826
2022,45-54,40.780158066563516,40.01226996821409,0.7678880983494016,98.11700558615776,1.8829944138421788
2023,45-54,40.56711630792144,39.75984830379762,0.8072680041238358,98.01004341053893,1.9899565894611115
2024,45-54,40.40164614203271,39.571992095620196,0.8296540464125204,97.94648454794181,2.0535154520582073
2000,55-64,39.737326070848255,38.981717885386274,0.7556081854619976,98.09849262601415,1.9015073739858912
2001,55-64,39.39265471071457,38.65357362644423,0.7390810842703428,98.1238099089846,1.8761900910154123
2002,55-64,39.5108123909008,38.769800330466076,0.7410120604347235,98.12453347427152,1.875466525728476
2003,55-64,39.30011858543398,38.56244941276044,0.7376691726735508,98.12298486817558,1.8770151318244552
2004,55-64,39.30302898465084,38.570408377443826,0.7326206072070202,98.13596909415526,1.8640309058447715
2005,55-64,39.487337043145516,38.75521626188521,0.7321207812603056,98.14593528943124,1.8540647105687573
2006,55-64,39.526813330228904,38.758663068801255,0.7681502614276442,98.0566349859522,1.9433650140477838
2007,55-64,39.56282993482316,38.78799748418239,0.7748324506407804,98.04151408805376,1.9584859119462885
2008,55-64,39.33214594373763,38.58115410659323,0.7509918371443863,98.09064107964349,1.9093589203564865
2009,55-64,38.608542274746746,37.9252753498325,0.6832669249142127,98.23027007844024,1.7697299215596831
2010,55-64,38.8442698364621,38.1861050092531,0.6581648272090053,98.30563213060785,1.6943678693921624
2011,55-64,38.96415515293187,38.2647489793541,0.6994061735778034,98.20500105588677,1.7949989441133214
2012,55-64,39.2871133231163,38.5855949583706,0.7015183647456977,98.21438047897264,1.7856195210273405
2013,55-64,39.435453930234054,38.76329519852805,0.6721587317060058,98.29554711632042,1.7044528836795783
2014,55-64,39.35274494976042,38.653430872824025,0.6993140769363907,98.22295985240883,1.7770401475911484
2015,55-64,39.34367449633169,38.6592381597178,0.6844363366138843,98.2603649878262,1.7396350121738111
2016,55-64,39.50742304001639,38.8382564983645,0.6691665416519041,98.3062257921148,1.693774207885229
2017,55-64,39.56785404195895,38.87437430063671,0.6934797413222583,98.24736580208051,1.7526341979195317
2018,55-64,39.74153662257808,39.06502699955534,0.6765096230227375,98.2977265588709,1.7022734411290903
2019,55-64,39.94427043099986,39.226771163119366,0.7174992678804768,98.20374922325867,1.796250776741291
2020,55-64,39.14193071870834,38.517104817466034,0.6248259012423105,98.40369166832217,1.5963083316778437
2021,55-64,39.58379273650418,38.895553994816595,0.6882387416875685,98.26131177911891,1.7386882208810541
2022,55-64,39.72534969635046,38.979525990057624,0.7458237062928289,98.1225496767336,1.877450323266373
2023,55-64,39.66532774854974,38.94795787023199,0.7173698783177623,98.19144346199438,1.8085565380056416
2024,55-64,39.34955901627415,38.62043964358719,0.7291193726869515,98.14707104497559,1.8529289550243833
2000,65+,30.111099817834333,29.550652973569846,0.5604468442644877,98.13873671949855,1.8612632805014442
2001,65+,30.111582333931523,29.610196294684837,0.5013860392466878,98.33490637029163,1.6650936297083803
2002,65+,30.56164726932737,30.143965750923506,0.417681518403863,98.6333147728491,1.3666852271508978
2003,65+,31.050823929404235,30.587152080965193,0.463671848439046,98.50673254438199,1.4932674556180203
2004,65+,30.804423778280665,30.321007450418346,0.4834163278623168,98.43069186639627,1.5693081336037198
2005,65+,31.09284137035112,30.59618749436497,0.4966538759861546,98.40267452539818,1.5973254746018282
2006,65+,31.645603143419663,31.18465364884456,0.46094949457511014,98.54340114016455,1.4565988598354753
2007,65+,31.839655256032085,31.304097645223234,0.5355576108088494,98.31795411570171,1.6820458842982824
2008,65+,31.775254780257356,31.265803063612577,0.5094517166447766,98.39670296849575,1.603297031504244
2009,65+,31.21147564451669,30.736893468926116,0.4745821755905676,98.47946255090329,1.520537449096686
2010,65+,31.941933889909606,31.511847102903992,0.43008678700561503,98.65353554206223,1.3464644579377787
2011,65+,32.200842184016366,31.68017373325656,0.5206684507598098,98.38305952439265,1.6169404756073606
2012,65+,32.299764008702525,31.77673314358793,0.5230308651145918,98.38069756493059,1.619302435069407
2013,65+,32.60197299159391,32.13614688925741,0.46582610233650656,98.57117205005781,1.428827949942217
2014,65+,32.73792892261655,32.2686466406643,0.46928228195223876,98.56654865657049,1.4334513434294909
2015,65+,33.27582217874573,32.74771548678016,0.5281066919655685,98.41294171747651,1.5870582825234778
2016,65+,33.011110862286785,32.47802417739301,0.5330866848937759,98.38512951861067,1.6148704813893295
2017,65+,33.12227308460443,32.590993865059566,0.5312792195448535,98.39600616120816,1.6039938387918111
2018,65+,33.26442442708929,32.724433393417115,0.5399910336721864,98.37667104429913,1.6233289557009083
2019,65+,33.38898517864924,32.8197586006908,0.5692265779584508,98.29516657989821,1.7048334201018054
2020,65+,33.43732410365888,32.887627674699395,0.5496964289594826,98.35603941495027,1.643960585049723
2021,65+,33.99729119153884,33.48317687800641,0.5141143135324439,98.48777859790081,1.5122214020992217
2022,65+,33.489500731988265,32.95918722471932,0.5303135072689331,98.41647831207467,1.5835216879252905
2023,65+,33.15762735339656,32.61197951354485,0.5456478398517053,98.35438213344956,1.6456178665504269
2024,65+,32.97224164355617,32.366124095404494,0.6061175481516818,98.16173387692575,1.8382661230742758
