YEAR,age_group,months_observed,minimum_monthly_sample_rows,maximum_monthly_sample_rows,average_monthly_sample_rows,sample_rows,average_monthly_weighted_workers,mean_total_hours,mean_main_hours,mean_other_hours,multiple_job_pct,main_share_pct,other_share_pct,share_sum_pct
2000,16-24,12,7820,9103,8267.166666666666,99206,19824948.711108357,32.77598061102083,32.06620132965276,0.7097792813680491,5.328386442423886,97.8344529495804,2.1655470504195624,99.99999999999996
2001,16-24,12,7502,10339,8831.166666666666,105974,19560347.375183333,32.38045467643678,31.69236484750703,0.688089828929765,5.303594489479934,97.87498404267167,2.1250159573283796,100.00000000000006
2002,16-24,12,8221,10014,8998.333333333334,107980,19161923.782191683,32.170600881461645,31.49008216545159,0.6805187160100481,5.282824032161688,97.88465649579395,2.115343504206034,99.99999999999999
2003,16-24,12,8374,9467,8701,104412,18857173.15279167,31.991600755103978,31.275638077983594,0.7159626771203994,5.553610337464345,97.76202921947831,2.2379707805217404,100.00000000000004
2004,16-24,12,8168,9343,8630,103560,19151098.17839999,31.971474648604975,31.2446891660413,0.7267854825636673,5.549059898613309,97.72676896967783,2.273231030322148,99.99999999999999
2005,16-24,12,8177,9718,8670.166666666666,104042,19386752.125416696,32.156676638807916,31.404936941173993,0.7517323934811658,5.643213522194979,97.66225936194321,2.337717923791746,99.99997728573496
2006,16-24,12,8135,9598,8641.916666666666,103703,19597319.87232498,32.19536927600432,31.50933131875395,0.6860200590201645,5.282424953950539,97.86914089610495,2.130803511334362,99.99994440743932
2007,16-24,12,7886,9120,8300.083333333334,99601,19386072.75359166,32.206221118033234,31.536493590811254,0.6697275272219695,5.0724723761169415,97.9205026110717,2.07949738892828,99.99999999999997
2008,16-24,12,7349,8752,7959.916666666667,95519,18699578.516083296,31.85159649179206,31.166397648460677,0.6851988433313646,5.161192443480631,97.84877708246759,2.1512229175323623,99.99999999999996
2009,16-24,12,6785,8139,7299.25,87591,17146833.20749998,30.495219723618654,29.84056240747094,0.6546573161477143,5.203400316122828,97.85324610846901,2.146753891531006,100.00000000000001
2010,16-24,12,6543,7828,7080.833333333333,84970,16794399.438008346,30.54193979574997,29.89423393929873,0.6477058564512391,5.14405023509026,97.87929037650264,2.120709623497359,100
2011,16-24,12,6547,7549,6897.083333333333,82765,16935525.49306668,30.683998783326082,30.01031497329616,0.6736838100299241,5.174450367366107,97.80444584557863,2.1955541544213886,100.00000000000001
2012,16-24,12,6410,7612,6858.5,82302,17408495.654849976,30.83955596414097,30.183981918436096,0.6555740457048673,5.148470919034102,97.87424291560116,2.1257570843988263,99.99999999999999
2013,16-24,12,6384,7472,6783.5,81402,17580783.180375025,31.28289746729974,30.54565272037532,0.7372447469244301,5.5394245097177315,97.64329775496317,2.3567022450368538,100.00000000000003
2014,16-24,12,6483,7469,6909,82908,18021456.267458346,31.37899160527837,30.66534482123483,0.7136467840435436,5.523212767671371,97.72571791655824,2.274282083441772,100.00000000000001
2015,16-24,12,6522,7407,6847.583333333333,82171,18325774.560508337,31.437400932529652,30.72917079333974,0.7082301391899208,5.407969126800457,97.74717337253833,2.2528266274617,100.00000000000003
2016,16-24,12,6347,7343,6815.5,81786,18544906.9890583,31.657301511335028,30.909208588312513,0.7480929230225152,5.585799699299652,97.63690242911369,2.3630975708863167,100
2017,16-24,12,6448,7146,6661.833333333333,79942,18657617.65333333,31.618019338524427,30.906239362975978,0.7117799755484507,5.342242621126903,97.74881542095461,2.251184579045389,100
2018,16-24,12,6123,6982,6384.583333333333,76615,18666854.86579168,31.92401307313795,31.263572371105305,0.6604407020326307,5.088114485822691,97.93121027572701,2.068789724272949,99.99999999999996
2019,16-24,12,5894,6711,6155.083333333333,73861,18801479.905825008,31.859684224995775,31.22024693681993,0.6394372881758515,5.052867555324141,97.9929578596571,2.0070421403429224,100.00000000000001
2020,16-24,12,3207,6062,4799.75,57597,16415625.566233322,31.474884996275865,30.963953963404247,0.5109310328716237,4.172391859741759,98.37670246314777,1.6232975368522473,100.00000000000001
2021,16-24,12,4997,5695,5273.583333333333,63283,17991080.177941628,31.998245715604718,31.42162511965071,0.5766205959540174,4.307061368995776,98.19796184741213,1.8020381525878915,100.00000000000003
2022,16-24,12,4796,5558,5136.25,61635,18758706.72398335,31.64456028250034,31.093877500547038,0.5506827819533139,4.157727514208511,98.25978690480387,1.74021309519616,100.00000000000003
2023,16-24,12,4803,5566,5169.75,62037,19898471.54537503,31.69129363024896,31.119833757217364,0.5714598730315842,4.506627555709586,98.196792217765,1.8032077822349688,99.99999999999996
2024,16-24,12,4861,5422,5096.166666666667,61154,19332721.005108327,31.356079541231423,30.74190758122781,0.614171960003611,5.095988995221799,98.04129862856097,1.9587013714390236,99.99999999999999
2000,25-34,12,12046,13297,12606.416666666666,151277,30315840.780550003,41.18660886439955,40.369103629180074,0.8173847661485734,5.76562730468057,98.01511885110283,1.9845886531704624,99.99970750427329
2001,25-34,12,11879,14468,13464.833333333334,161578,29529773.850716673,40.536628015360634,39.77195509657043,0.7646729187902263,5.534472554604969,98.11362474821428,1.886375251785785,100.00000000000006
2002,25-34,12,13531,14311,13944.916666666666,167339,29208583.02099169,40.37269994585533,39.63135186438384,0.7413480814714697,5.333238530245254,98.1637391542658,1.8362608457341398,99.99999999999994
2003,25-34,12,12651,13728,13393.666666666666,160724,29277366.454716686,40.3204706577446,39.586559657954105,0.7337725298024956,5.218939355735291,98.17980547394843,1.8198511025107675,99.9996565764592
2004,25-34,12,12641,13622,13127.25,157527,29336978.138091654,40.324577207486065,39.55433965049195,0.7702375569941203,5.500106518427862,98.08990543650107,1.910094563498931,100
2005,25-34,12,12699,13354,13017.166666666666,156206,29591720.449974973,40.30763754681068,39.56800305300492,0.7396344938057502,5.390575610927959,98.16502643463836,1.834973565361618,99.99999999999999
2006,25-34,12,12500,13210,12825.25,153903,29896352.751766674,40.421464445687825,39.68145842157041,0.7400060241174073,5.291299070101024,98.16927458154882,1.830725418451165,99.99999999999999
2007,25-34,12,12363,13001,12724.833333333334,152698,30422732.67185829,40.28269388098373,39.52779814657523,0.7548957344084974,5.464245485600403,98.12600483811023,1.87399516188976,100
2008,25-34,12,12139,12970,12593.916666666666,151127,30215398.72770832,39.95151021583298,39.25170146258621,0.699808753246745,5.1343600058934395,98.24835469431282,1.7516453056871109,99.99999999999993
2009,25-34,12,11866,12595,12299.75,147597,28953818.11671667,38.85354295846328,38.13696942736726,0.7165735310960131,5.342291697127564,98.15570607843388,1.8442939215661034,99.99999999999999
2010,25-34,12,12160,12810,12434.833333333334,149218,29228050.219666705,39.14350332311124,38.42752858763036,0.7159747354808722,5.21239183379013,98.1708976593872,1.8291023406127882,99.99999999999999
2011,25-34,12,11927,12764,12374.5,148494,29561612.403724927,39.2797512978079,38.602851438299396,0.6768998595084986,5.058472658634773,98.27672060758114,1.7232793924188483,99.99999999999999
2012,25-34,12,12058,12721,12381.416666666666,148577,29685534.24842499,39.43749045050682,38.745759801673195,0.6917306488336294,5.000872255764305,98.24600743878028,1.7539925612197258,100.00000000000001
2013,25-34,12,11904,12734,12358.166666666666,148298,30262989.153891623,39.574132998439346,38.883115362590516,0.6910176358488421,4.9881763215426345,98.25386538253136,1.7461346174686714,100.00000000000003
2014,25-34,12,12117,13131,12500.583333333334,150007,30927767.741899986,39.55344424634876,38.84636489696156,0.7070793493872054,5.103084524390105,98.21234442951837,1.7876555704816453,100.00000000000001
2015,25-34,12,11938,12717,12388.75,148665,31684247.464916617,39.54444807712339,38.848700396955955,0.6957476801674541,5.114973620106859,98.24059327162558,1.759406728374461,100.00000000000004
2016,25-34,12,12013,12930,12450.083333333334,149401,32671946.153791685,39.8453956417077,39.09120151905986,0.7541941226478367,5.32013825889537,98.10719881054865,1.8928011894513426,100
2017,25-34,12,11766,12471,12202.166666666666,146426,33314501.846350055,39.73008995385758,39.02819067518398,0.7018992786736141,5.183852127849829,98.23333075890645,1.7666692410935847,100.00000000000003
2018,25-34,12,11548,12290,11960.166666666666,143522,34341016.62084168,39.864634898238286,39.10368026672798,0.7609546315102875,5.4472372435817356,98.09115364168572,1.9088463583142359,99.99999999999996
2019,25-34,12,10997,11756,11539.333333333334,138472,34793069.168816656,40.03624087840503,39.29605419731467,0.7401866810903327,5.461144370964071,98.15120834311492,1.8487916568849967,99.99999999999991
2020,25-34,12,7468,11620,9358.666666666666,112304,32049389.01925837,39.108578185696864,38.52417151659848,0.5844066690983719,4.612466606315982,98.50568162738242,1.4943183726175613,99.99999999999997
2021,25-34,12,9414,10375,9846.666666666666,118160,33337977.167741697,39.67367341785832,39.0248716479253,0.6488017699330038,4.7659975437435325,98.36465415465922,1.6353458453407508,99.99999999999997
2022,25-34,12,9288,10337,9618.083333333334,115417,33996347.86233334,39.54793813478083,38.85819472007928,0.689743414701549,5.016766668321452,98.255930783671,1.7440692163289981,100
2023,25-34,12,9049,9679,9449.583333333334,113395,34695800.65484165,39.51145995494451,38.81171853725548,0.6997414176890397,5.060366117736401,98.22901654738408,1.7709834526159371,100.00000000000001
2024,25-34,12,8916,9531,9332.25,111987,34322471.44745,39.29706723871604,38.574375491112015,0.7226917476040239,5.234037885954098,98.16095246188749,1.839047538112507,100
2000,35-44,12,14600,15979,15472.916666666666,185675,35001558.17784171,41.66661277478336,40.79579250387175,0.8708202709115856,6.114019989004435,97.91002864663233,2.0899713533676207,99.99999999999994
2001,35-44,12,14694,18130,16737.5,200850,34673231.373941705,41.12455794317536,40.28517543967634,0.8392169176720093,5.991575583553895,97.95892638005044,2.0406709753126426,99.99959735536308
2002,35-44,12,16396,17648,17280.166666666668,207362,33943701.238458455,40.965382899831845,40.13741042034959,0.8279724794822166,5.980665339996255,97.97884843037643,2.021151569623472,99.9999999999999
2003,35-44,12,15593,17231,16593.916666666668,199127,33510354.484066583,40.87923949407737,40.07348627222782,0.8057415171568173,5.8202299636745485,98.02894273029153,1.9710286373442787,99.99997136763581
2004,35-44,12,14834,16420,15866.583333333334,190399,33297820.569941677,40.92137892132053,40.12075099389387,0.8006279274266775,5.80378066469981,98.04349719258965,1.9565028074103845,100.00000000000004
2005,35-44,12,15020,16076,15717.666666666666,188612,33397170.840533387,41.00699647915503,40.20951586281676,0.7974806163382899,5.762559869374282,98.0552571882614,1.9447428117386532,100.00000000000004
2006,35-44,12,14732,15633,15335.916666666666,184031,33279335.462775026,41.03922152309162,40.24080943957792,0.7984120835136905,5.635582183849908,98.05451455002759,1.9454854499724035,100
2007,35-44,12,14082,15274,14873.333333333334,178480,33052302.017233204,40.97414797915473,40.18327923204531,0.7908687471093796,5.634269527394743,98.06983479555994,1.9301652044399502,99.99999999999989
2008,35-44,12,13665,14764,14313.75,171765,32264018.612191606,40.74624935199654,39.937600461983905,0.8086488900126224,5.762615135311354,98.0154028827858,1.984597117214174,99.99999999999999
2009,35-44,12,13037,14143,13593.083333333334,163117,30355993.536566686,39.69968976149412,38.93170812960336,0.7679816318907434,5.54546562081126,98.06552233404189,1.9344776659580627,99.99999999999994
2010,35-44,12,12568,13729,13264.833333333334,159178,29661412.702208333,39.967395828673574,39.21311053619902,0.7542852924745452,5.277116489357099,98.11274846200159,1.887251537998387,99.99999999999997
2011,35-44,12,12283,13310,12909.75,154917,29265989.79930838,40.12940946827478,39.41356176499497,0.7158477032798147,5.135904784224717,98.21615191261226,1.7838480873877411,100
2012,35-44,12,12070,13123,12801.583333333334,153619,29622068.72497504,40.3314872022095,39.63431426421975,0.6971729379897467,5.056405548864366,98.27139293303432,1.7286070669656661,99.99999999999999
2013,35-44,12,11869,13009,12559.083333333334,150709,29663250.964033246,40.45535292594248,39.76222069755352,0.693132228388991,5.063282481306144,98.28667363338099,1.7133263666191174,100.0000000000001
2014,35-44,12,11844,12988,12573.916666666666,150887,29925017.908575036,40.51420003108057,39.81150871489725,0.7026913161833322,5.022981470097007,98.26556783635306,1.7344321636469702,100.00000000000003
2015,35-44,12,11628,12826,12446.75,149361,30281449.239999965,40.34409349783045,39.64943473980529,0.6946587580251661,5.082913529732201,98.27816491139522,1.7218350886047846,100.00000000000001
2016,35-44,12,11840,12821,12397.083333333334,148765,30559274.99824164,40.51608078757425,39.80629629332796,0.7097844942462975,5.140078642370411,98.24814128008163,1.7518587199183864,100.00000000000001
2017,35-44,12,11633,12651,12269.5,147234,30814503.53914176,40.58308513502386,39.83993663623206,0.7431484987917978,5.157743361805124,98.16882206880213,1.831177931197864,100
2018,35-44,12,11531,12404,12098.666666666666,145184,31624195.146974955,40.74015934761779,40.008079229817234,0.7320801178005749,5.297043894137216,98.20305043101565,1.7969495689843982,100.00000000000006
2019,35-44,12,10808,12048,11708.583333333334,140503,32140925.84228334,40.65844737240916,39.93282894616172,0.7256184262474479,5.435599757884026,98.21533168839143,1.7846683116086053,100.00000000000003
2020,35-44,12,8353,11695,9929.666666666666,119156,30462751.531250056,39.823033774859,39.1006721714764,0.7223616033826118,5.239568912081595,98.1860708868478,1.8139291131522275,100.00000000000003
2021,35-44,12,9842,10680,10358.666666666666,124304,31514854.476641677,40.25044716838491,39.52699854311049,0.7234486252744303,5.171212431547941,98.20263207947,1.7973679205300104,100.00000000000001
2022,35-44,12,9637,10647,10113.333333333334,121360,33370658.34699159,40.30357770572433,39.53981242749956,0.7637652782247741,5.397973149362513,98.10496903326703,1.8950309667330012,100.00000000000003
2023,35-44,12,9643,10425,10034.333333333334,120412,34267083.66232499,40.173616423413165,39.36531789248247,0.8082985309307084,5.792898014281143,97.98798663677285,2.012013363227196,100.00000000000004
2024,35-44,12,9698,10373,10145.916666666666,121751,35036690.893574946,39.957041920560926,39.18060219263772,0.7764397279232002,5.800432952163377,98.05681379150425,1.9431862084957372,99.99999999999999
2000,45-54,12,12181,13589,13149.75,157797,28929902.146900006,41.79796461627367,40.88084397322399,0.917115781311946,6.385185205036725,97.80582463411962,2.1941637343624985,99.99998836848212
2001,45-54,12,12945,16277,14882,178584,29541955.839158397,41.350499924722605,40.48856124864772,0.8619386760749285,6.118489736042598,97.9155302169405,2.0844697830596077,100.0000000000001
2002,45-54,12,14734,16505,15779.083333333334,189349,29958513.427900046,41.268695230909586,40.398204951278466,0.8704902796311248,6.195511728359937,97.89067651700523,2.109323482994785,100.00000000000001
2003,45-54,12,14655,16301,15797.5,189570,30563979.978483323,41.10840955010754,40.25784306129994,0.8505664888076147,6.093034268231631,97.93091851979621,2.0690814802038227,100.00000000000003
2004,45-54,12,14582,16239,15722.333333333334,188668,31150263.176291704,41.17051901516962,40.31539837771575,0.8551206374538434,6.084504654816142,97.92297824290534,2.0770217570946023,99.99999999999994
2005,45-54,12,14963,16080,15705.166666666666,188462,31891516.32443335,41.30195605441626,40.4537452354656,0.8482108189506775,6.044578593061805,97.94631804403375,2.0536819559663,100.00000000000004
2006,45-54,12,15125,16344,15831.5,189978,32699617.22409156,41.375053783344484,40.53044914601942,0.8446046373250609,6.018404219345538,97.95866214036184,2.0413378596381575,100
2007,45-54,12,14911,16143,15618.25,187419,33209395.931941625,41.22103362175967,40.38557108862698,0.8354625331326858,5.933915082403544,97.97321304264513,2.0267869573548576,99.99999999999999
2008,45-54,12,14648,15901,15442.666666666666,185312,33262167.69735004,40.96564608696199,40.11339580946029,0.8522502775016976,6.0137673108699445,97.91959761676274,2.080402383237258,100
2009,45-54,12,14378,15441,15055.75,180669,32216848.739099856,39.9708184455317,39.13793601842979,0.8328824271018991,5.991697583623692,97.91627377298546,2.083726227014514,99.99999999999997
2010,45-54,12,14085,15216,14810,177720,32018739.69620829,40.21663409325389,39.45280758368402,0.7638265095698525,5.4910017190482785,98.1007199463816,1.8992800536183612,99.99999999999996
2011,45-54,12,13560,14559,14283.083333333334,171397,31731216.44090001,40.40495565209793,39.64442871132982,0.7605269407681053,5.441768500732735,98.11773845932035,1.882261540679644,100
2012,45-54,12,13507,14365,14023.916666666666,168287,31688188.69694162,40.615563310280216,39.86671394525388,0.7488493650263457,5.390111905522713,98.15625020560334,1.843749794396682,100.00000000000003
2013,45-54,12,13168,14267,13787.25,165447,31461174.21082495,40.70164371523736,39.956102057704676,0.7455416575326663,5.288178720307155,98.1682762918649,1.83172370813506,99.99999999999996
2014,45-54,12,13191,13973,13642.083333333334,163705,31560710.4310834,40.759946413990654,40.0173325813831,0.742613832607543,5.307934051761198,98.1780794678556,1.8219205321443808,99.99999999999997
2015,45-54,12,12400,13660,13138.333333333334,157660,31681176.025125057,40.712016812774046,39.964795716207625,0.7472210965664068,5.284475847175559,98.16461783261013,1.8353821673898363,99.99999999999997
2016,45-54,12,12242,13286,12887.083333333334,154645,31668701.010299962,40.86560205675868,40.093014561502756,0.7725874952559296,5.38328717562737,98.10944301228483,1.89055698771518,100.00000000000001
2017,45-54,12,11855,12859,12552.916666666666,150635,31412073.157083277,40.810567799220415,40.02139920934108,0.7891685898793516,5.389535201627702,98.06626412609134,1.9337358739086856,100.00000000000003
2018,45-54,12,11166,12331,11972.416666666666,143669,31420498.27498334,40.997782410998425,40.19891587448082,0.7988665365175942,5.477598189920406,98.05143964005406,1.9485603599459156,99.99999999999997
2019,45-54,12,10621,11671,11351.833333333334,136222,31132274.337924972,41.12118736719643,40.28818811219921,0.8329992549972042,5.776590953939664,97.97428209560475,2.025717904395222,99.99999999999997
2020,45-54,12,8083,11305,9486.083333333334,113833,28879834.98481664,40.25715834183663,39.50665575705412,0.7505025847825278,5.25586367186394,98.13572885992163,1.8642711400784084,100.00000000000004
2021,45-54,12,9146,9952,9571.833333333334,114862,29427884.32669167,40.84811718370628,40.0690481548694,0.7790690288368955,5.26939259237947,98.09276636831713,1.9072336316829184,100.00000000000004
2022,45-54,12,8811,9738,9295.333333333334,111544,30525937.269375045,40.78615295217614,40.01447363340019,0.7716793187759257,5.245102165651699,98.1079869933289,1.8920130066710614,99.99999999999996
2023,45-54,12,8782,9574,9204.25,110451,30947518.185225017,40.57375663154591,39.76222677605401,0.8115298554919222,5.637766163367069,97.99986512744806,2.0001348725519823,100.00000000000004
2024,45-54,12,8726,9352,9128,109536,31047978.849383358,40.40654251239907,39.573840260672966,0.8327022517261055,6.10222925893417,97.93918954716162,2.060810452838384,100
2000,55-64,12,5823,6282,6066.5,72798,13326339.407966668,39.74548022852459,38.98480591421097,0.7606743143136298,5.59653303833535,98.08613631049376,1.91386368950628,100.00000000000004
2001,55-64,12,5963,7775,6924.5,83094,13873761.642166656,39.39265471071457,38.65357362644423,0.7390810842703428,5.424405939759943,98.1238099089846,1.8761900910154123,100.00000000000001
2002,55-64,12,7327,8350,7824.916666666667,93899,14967692.151575008,39.5108123909008,38.769800330466076,0.7410120604347235,5.34658911488388,98.12453347427152,1.875466525728476,99.99999999999999
2003,55-64,12,7645,8539,8184.166666666667,98210,15777583.401958346,39.300523523178576,38.56260342371333,0.7379200994652664,5.5149868016992185,98.12236572617145,1.8776342738285852,100.00000000000004
2004,55-64,12,7851,8983,8465.416666666666,101585,16475540.828400001,39.30656941561691,38.57172067328481,0.7348487423321203,5.510349648219425,98.13046838414715,1.8695316158528887,100.00000000000004
2005,55-64,12,8296,9171,8755.25,105063,17467188.54236667,39.48975489740312,38.755951137532335,0.7338037598707772,5.412827166181281,98.14178699822966,1.8582130017703218,99.99999999999999
2006,55-64,12,8571,9556,9085.166666666666,109022,18401908.308683306,39.52994493245652,38.76000313260809,0.7699417998484266,5.528644877306276,98.05225683677524,1.9477431632247402,99.99999999999999
2007,55-64,12,8926,9738,9400.833333333334,112810,19216548.544375002,39.56388724920423,38.78839619021501,0.775491058989234,5.52369195151417,98.03990175660807,1.9600982433919758,100.00000000000006
2008,55-64,12,9052,9944,9662.916666666666,115955,19912058.37573327,39.33416489963264,38.581933348418495,0.7522315512141342,5.528399655549499,98.08758733499597,1.9124126650040045,99.99999999999997
2009,55-64,12,9212,10105,9716.916666666666,116603,20002925.977825023,38.61191563248829,37.92652024564461,0.6853953868436578,5.294314848089957,98.2249122437557,1.7750877562442464,99.99999999999994
2010,55-64,12,9400,10289,9866.5,118398,20649815.513750013,38.84580279139159,38.186566542008926,0.6592362493826694,5.029324205325612,98.30294085329406,1.6970591467059581,100.00000000000001
2011,55-64,12,9525,10476,10136.75,121641,21296562.814883314,38.966461639924866,38.26557866897845,0.7008829709464544,5.196802827783414,98.20131738564558,1.798682614354527,100.00000000000011
2012,55-64,12,9712,10602,10299,123588,22260849.423466675,39.2871133231163,38.5855949583706,0.7015183647456977,5.2523622959387355,98.21438047897264,1.7856195210273405,99.99999999999999
2013,55-64,12,9965,10736,10469.833333333334,125638,22883556.86273337,39.435453930234054,38.76329519852805,0.6721587317060058,5.050975044792017,98.29554711632042,1.7044528836795783,100
2014,55-64,12,10212,10938,10665.25,127983,23520183.897491634,39.35480107575203,38.65416244063208,0.7006386351199476,5.039109639054336,98.21968701157623,1.7803129884237618,99.99999999999999
2015,55-64,12,9787,10924,10455.416666666666,125465,24009059.145666685,39.34680714232684,38.66040129532986,0.6864058469969733,4.996079986492638,98.25549797594991,1.7445020240500804,99.99999999999999
2016,55-64,12,10246,10890,10602.333333333334,127228,24635404.432666592,39.50742304001639,38.8382564983645,0.6691665416519041,4.877728644245825,98.3062257921148,1.693774207885229,100.00000000000003
2017,55-64,12,10133,10772,10573.25,126879,25079606.757616714,39.569708454370925,38.87508191050058,0.6946265438703569,4.859514219893633,98.24454975534799,1.7554502446520492,100.00000000000004
2018,55-64,12,9861,10575,10271.083333333334,123253,25638393.615925003,39.74281833052419,39.06542419985988,0.6773941306643054,4.83504202496989,98.29555587872329,1.704444121276718,100.00000000000001
2019,55-64,12,9606,10449,10117.666666666666,121412,25985774.351216663,39.94672341100127,39.227666856636766,0.7190565543644968,4.997280332163002,98.19996111579334,1.8000388842066322,99.99999999999997
2020,55-64,12,7552,10250,8667.166666666666,104006,24410356.450558294,39.14193071870834,38.517104817466034,0.6248259012423105,4.469913710806483,98.40369166832217,1.5963083316778437,100.00000000000001
2021,55-64,12,8273,9047,8597.083333333334,103165,24974712.27293333,39.584207902860236,38.895709749154285,0.6884981537059353,4.620708751171687,98.2606746725979,1.7393253274020586,99.99999999999996
2022,55-64,12,8039,8748,8275.916666666666,99311,25732701.06919995,39.72534969635046,38.979525990057624,0.7458237062928289,5.2030955137540715,98.1225496767336,1.877450323266373,99.99999999999997
2023,55-64,12,7801,8338,8022.416666666667,96269,25488480.04246667,39.66723762485428,38.94867663088336,0.7185609939709243,5.117410834625861,98.18852777002881,1.8114722299712043,100.00000000000001
2024,55-64,12,7641,8074,7882.333333333333,94588,25522920.982449993,39.3514584108454,38.62116431182562,0.7302940990197797,5.1797710130917825,98.1441752643696,1.855824735630403,100
2000,65+,12,1732,1924,1863.3333333333333,22360,4009483.2603916647,30.111099817834333,29.550652973569846,0.5604468442644877,4.187215334382219,98.13873671949855,1.8612632805014442,100
2001,65+,12,1810,2336,2112.75,25353,4068747.3027583337,30.111582333931523,29.610196294684837,0.5013860392466878,3.942442680048706,98.33490637029163,1.6650936297083803,100.00000000000001
2002,65+,12,2167,2370,2265,27180,4111711.2539249966,30.592225953057067,30.156573774372667,0.4356521786844022,3.6195531495073245,98.57593828133692,1.4240617186630962,100.00000000000001
2003,65+,12,2245,2418,2337.75,28053,4402627.540674996,31.059058784599856,30.59053490762499,0.4685238769748741,3.7952634153855955,98.4915065191635,1.508493480836529,100.00000000000003
2004,65+,12,2258,2484,2401.4166666666665,28817,4613076.661524998,30.814510013417575,30.32440370088498,0.49010631253259707,4.087650019148616,98.40949503231046,1.5905049676895393,100
2005,65+,12,2357,2641,2521.4166666666665,30257,4862572.915916667,31.09284137035112,30.59618749436497,0.4966538759861546,4.227672609870326,98.40267452539818,1.5973254746018282,100.00000000000001
2006,65+,12,2412,2802,2596,31152,5093843.837775,31.645603143419663,31.18465364884456,0.46094949457511014,3.7785666890246348,98.54340114016455,1.4565988598354753,100.00000000000003
2007,65+,12,2511,2872,2716.5833333333335,32599,5389345.860566668,31.84914622567451,31.307969896206753,0.5411763294677532,4.27625718523363,98.30081369957887,1.6991863004211254,100
2008,65+,12,2668,3004,2836.5833333333335,34039,5718784.409383328,31.775254780257356,31.265803063612577,0.5094517166447766,4.298641398380325,98.39670296849575,1.603297031504244,99.99999999999999
2009,65+,12,2772,2999,2895.5833333333335,34747,5776540.918449992,31.21147564451669,30.736893468926116,0.4745821755905676,4.018841925262163,98.47946255090329,1.520537449096686,99.99999999999997
2010,65+,12,2807,3077,2954.25,35451,5952407.932491667,31.941933889909606,31.511847102903992,0.43008678700561503,3.565916859105896,98.65353554206223,1.3464644579377787,100.00000000000001
2011,65+,12,2936,3323,3123.9166666666665,37487,6385939.346374997,32.200842184016366,31.68017373325656,0.5206684507598098,4.133948660999619,98.38305952439265,1.6169404756073606,100.00000000000001
2012,65+,12,3162,3546,3325.0833333333335,39901,6955212.3231666675,32.299764008702525,31.77673314358793,0.5230308651145918,4.225131470407316,98.38069756493059,1.619302435069407,99.99999999999999
2013,65+,12,3256,3653,3483.25,41799,7341541.495908337,32.603062492952404,32.13658859489899,0.46647389805341505,3.926368668857292,98.56923288064044,1.4307671193595686,100.00000000000001
2014,65+,12,3423,3863,3645.0833333333335,43741,7690574.876816666,32.742337731682774,32.27008859445953,0.47224913722324124,4.003918391972054,98.5576804530781,1.4423195469218877,100
2015,65+,12,3512,3879,3718.25,44619,8198049.426516668,33.27582217874573,32.74771548678016,0.5281066919655685,4.287513845185924,98.41294171747651,1.5870582825234778,99.99999999999999
2016,65+,12,3737,4023,3867.25,46407,8544822.121158335,33.01978060187023,32.481509792072984,0.538270809797252,4.455828194661844,98.36985346363338,1.630146536366642,100.00000000000001
2017,65+,12,3822,4167,4024.5,48294,8931582.762783332,33.12227308460443,32.590993865059566,0.5312792195448535,4.372145254162236,98.39600616120816,1.6039938387918111,99.99999999999997
2018,65+,12,3857,4160,4030.6666666666665,48368,9340938.430033328,33.26442442708929,32.724433393417115,0.5399910336721864,4.42681588021329,98.37667104429913,1.6233289557009083,100.00000000000004
2019,65+,12,3916,4415,4171.416666666667,50057,10043408.620541671,33.38898517864924,32.8197586006908,0.5692265779584508,4.701876128555546,98.29516657989821,1.7048334201018054,100.00000000000001
2020,65+,12,2972,4303,3672.9166666666665,44075,9361667.677075004,33.43732410365888,32.887627674699395,0.5496964289594826,4.2427244366010965,98.35603941495027,1.643960585049723,100
2021,65+,12,3573,3883,3749.5,44994,9730313.689100001,33.99870103102572,33.48374000892996,0.5149610220957714,4.081662930874169,98.48535089141839,1.5146491085816505,100.00000000000004
2022,65+,12,3596,3938,3737.9166666666665,44855,10205023.564850004,33.489500731988265,32.95918722471932,0.5303135072689331,4.239937920456123,98.41647831207467,1.5835216879252905,99.99999999999996
2023,65+,12,3577,4083,3797.1666666666665,45566,10521237.452000007,33.15762735339656,32.61197951354485,0.5456478398517053,4.4664579857954765,98.35438213344956,1.6456178665504269,99.99999999999999
2024,65+,12,3698,4030,3853.5833333333335,46243,10848936.21698334,32.97224164355617,32.366124095404494,0.6061175481516818,4.720167597359743,98.16173387692575,1.8382661230742758,100.00000000000003
