YEAR,age_group,target_sample_rows,retained_sample_rows,excluded_sample_rows,invalid_total_hours_n,invalid_main_hours_n,invalid_other_hours_n,single_job_conflict_n,retained_weight_pct
2000,16-24,99206,99206,0,0,0,0,0,100.00000000000001
2000,25-34,151277,151277,0,0,0,0,0,100
2000,35-44,185675,185675,0,0,0,0,0,100
2000,45-54,157797,157797,0,0,0,0,0,100
2000,55-64,72798,72798,0,0,0,0,0,100
2000,65+,22360,22360,0,0,0,0,0,100
2001,16-24,105974,105974,0,0,0,0,0,100
2001,25-34,161578,161578,0,0,0,0,0,100.00000000000001
2001,35-44,200850,200850,0,0,0,0,0,99.99999999999999
2001,45-54,178584,178584,0,0,0,0,0,100
2001,55-64,83094,83094,0,0,0,0,0,100
2001,65+,25353,25353,0,0,0,0,0,100
2002,16-24,107980,107980,0,0,0,0,0,100
2002,25-34,167339,167339,0,0,0,0,0,100
2002,35-44,207362,207362,0,0,0,0,0,100.00000000000001
2002,45-54,189349,189349,0,0,0,0,0,100
2002,55-64,93899,93899,0,0,0,0,0,100.00000000000001
2002,65+,27180,27180,0,0,0,0,0,100
2003,16-24,104412,104412,0,0,0,0,0,100.00000000000001
2003,25-34,160724,160724,0,0,0,0,0,100
2003,35-44,199127,199127,0,0,0,0,0,99.99999999999999
2003,45-54,189570,189570,0,0,0,0,0,100.00000000000001
2003,55-64,98210,98210,0,0,0,0,0,100
2003,65+,28053,28053,0,0,0,0,0,100
2004,16-24,103560,103560,0,0,0,0,0,100
2004,25-34,157527,157527,0,0,0,0,0,100
2004,35-44,190399,190399,0,0,0,0,0,100
2004,45-54,188668,188668,0,0,0,0,0,100
2004,55-64,101585,101585,0,0,0,0,0,100
2004,65+,28817,28817,0,0,0,0,0,100
2005,16-24,104042,104042,0,0,0,0,0,99.99999999999999
2005,25-34,156206,156206,0,0,0,0,0,100.00000000000001
2005,35-44,188612,188612,0,0,0,0,0,100
2005,45-54,188462,188462,0,0,0,0,0,100
2005,55-64,105063,105063,0,0,0,0,0,100.00000000000001
2005,65+,30257,30257,0,0,0,0,0,100
2006,16-24,103703,103703,0,0,0,0,0,100
2006,25-34,153903,153903,0,0,0,0,0,100
2006,35-44,184031,184031,0,0,0,0,0,100
2006,45-54,189978,189978,0,0,0,0,0,100
2006,55-64,109022,109022,0,0,0,0,0,100
2006,65+,31152,31152,0,0,0,0,0,100
2007,16-24,99601,99601,0,0,0,0,0,100
2007,25-34,152698,152698,0,0,0,0,0,100
2007,35-44,178480,178480,0,0,0,0,0,100
2007,45-54,187419,187419,0,0,0,0,0,100
2007,55-64,112810,112810,0,0,0,0,0,99.99999999999999
2007,65+,32599,32599,0,0,0,0,0,100
2008,16-24,95519,95519,0,0,0,0,0,100
2008,25-34,151127,151127,0,0,0,0,0,100
2008,35-44,171765,171765,0,0,0,0,0,100
2008,45-54,185312,185312,0,0,0,0,0,100.00000000000001
2008,55-64,115955,115955,0,0,0,0,0,100
2008,65+,34039,34039,0,0,0,0,0,100
2009,16-24,87591,87591,0,0,0,0,0,99.99999999999999
2009,25-34,147597,147597,0,0,0,0,0,99.99999999999999
2009,35-44,163117,163117,0,0,0,0,0,99.99999999999999
2009,45-54,180669,180669,0,0,0,0,0,100
2009,55-64,116603,116603,0,0,0,0,0,100
2009,65+,34747,34747,0,0,0,0,0,100
2010,16-24,84970,84970,0,0,0,0,0,100
2010,25-34,149218,149218,0,0,0,0,0,100
2010,35-44,159178,159178,0,0,0,0,0,100
2010,45-54,177720,177720,0,0,0,0,0,100.00000000000001
2010,55-64,118398,118398,0,0,0,0,0,100
2010,65+,35451,35451,0,0,0,0,0,100
2011,16-24,82765,82765,0,0,0,0,0,100
2011,25-34,148494,148494,0,0,0,0,0,99.99999999999999
2011,35-44,154917,154917,0,0,0,0,0,100
2011,45-54,171397,171397,0,0,0,0,0,100
2011,55-64,121641,121641,0,0,0,0,0,100
2011,65+,37487,37487,0,0,0,0,0,100
2012,16-24,82302,82302,0,0,0,0,0,100
2012,25-34,148577,148577,0,0,0,0,0,99.99999999999999
2012,35-44,153619,153619,0,0,0,0,0,99.99999999999999
2012,45-54,168287,168287,0,0,0,0,0,100
2012,55-64,123588,123588,0,0,0,0,0,100
2012,65+,39901,39901,0,0,0,0,0,100
2013,16-24,81402,81402,0,0,0,0,0,99.99999999999999
2013,25-34,148298,148298,0,0,0,0,0,99.99999999999999
2013,35-44,150709,150709,0,0,0,0,0,100
2013,45-54,165447,165447,0,0,0,0,0,100
2013,55-64,125638,125638,0,0,0,0,0,100
2013,65+,41799,41799,0,0,0,0,0,100
2014,16-24,82908,82908,0,0,0,0,0,100
2014,25-34,150007,150007,0,0,0,0,0,100
2014,35-44,150887,150887,0,0,0,0,0,100
2014,45-54,163705,163705,0,0,0,0,0,100
2014,55-64,127983,127983,0,0,0,0,0,100
2014,65+,43741,43741,0,0,0,0,0,100
2015,16-24,82171,82171,0,0,0,0,0,100
2015,25-34,148665,148665,0,0,0,0,0,99.99999999999999
2015,35-44,149361,149361,0,0,0,0,0,99.99999999999999
2015,45-54,157660,157660,0,0,0,0,0,100
2015,55-64,125465,125465,0,0,0,0,0,100
2015,65+,44619,44619,0,0,0,0,0,100
2016,16-24,81786,81786,0,0,0,0,0,100
2016,25-34,149401,149401,0,0,0,0,0,100
2016,35-44,148765,148765,0,0,0,0,0,99.99999999999999
2016,45-54,154645,154645,0,0,0,0,0,100
2016,55-64,127228,127228,0,0,0,0,0,100
2016,65+,46407,46407,0,0,0,0,0,99.99999999999999
2017,16-24,79942,79942,0,0,0,0,0,100
2017,25-34,146426,146426,0,0,0,0,0,100
2017,35-44,147234,147234,0,0,0,0,0,100
2017,45-54,150635,150635,0,0,0,0,0,100
2017,55-64,126879,126879,0,0,0,0,0,100
2017,65+,48294,48294,0,0,0,0,0,100
2018,16-24,76615,76615,0,0,0,0,0,100
2018,25-34,143522,143522,0,0,0,0,0,100
2018,35-44,145184,145184,0,0,0,0,0,100
2018,45-54,143669,143669,0,0,0,0,0,100
2018,55-64,123253,123253,0,0,0,0,0,100
2018,65+,48368,48368,0,0,0,0,0,100
2019,16-24,73861,73861,0,0,0,0,0,100
2019,25-34,138472,138472,0,0,0,0,0,100
2019,35-44,140503,140503,0,0,0,0,0,100
2019,45-54,136222,136222,0,0,0,0,0,100
2019,55-64,121412,121412,0,0,0,0,0,100
2019,65+,50057,50057,0,0,0,0,0,100
2020,16-24,57597,57597,0,0,0,0,0,100
2020,25-34,112304,112304,0,0,0,0,0,100
2020,35-44,119156,119156,0,0,0,0,0,100
2020,45-54,113833,113833,0,0,0,0,0,100
2020,55-64,104006,104006,0,0,0,0,0,100
2020,65+,44075,44075,0,0,0,0,0,100
2021,16-24,63283,63283,0,0,0,0,0,100
2021,25-34,118160,118160,0,0,0,0,0,99.99999999999999
2021,35-44,124304,124304,0,0,0,0,0,100
2021,45-54,114862,114862,0,0,0,0,0,100
2021,55-64,103165,103165,0,0,0,0,0,100
2021,65+,44994,44994,0,0,0,0,0,100
2022,16-24,61635,61635,0,0,0,0,0,100
2022,25-34,115417,115417,0,0,0,0,0,100
2022,35-44,121360,121360,0,0,0,0,0,99.99999999999999
2022,45-54,111544,111544,0,0,0,0,0,99.99999999999999
2022,55-64,99311,99311,0,0,0,0,0,100
2022,65+,44855,44855,0,0,0,0,0,100
2023,16-24,62037,62037,0,0,0,0,0,100
2023,25-34,113395,113395,0,0,0,0,0,99.99999999999999
2023,35-44,120412,120412,0,0,0,0,0,100.00000000000001
2023,45-54,110451,110451,0,0,0,0,0,99.99999999999999
2023,55-64,96269,96269,0,0,0,0,0,100
2023,65+,45566,45566,0,0,0,0,0,100
2024,16-24,61154,61154,0,0,0,0,0,100
2024,25-34,111987,111987,0,0,0,0,0,100
2024,35-44,121751,121751,0,0,0,0,0,100.00000000000001
2024,45-54,109536,109536,0,0,0,0,0,99.99999999999999
2024,55-64,94588,94588,0,0,0,0,0,100
2024,65+,46243,46243,0,0,0,0,0,100
