YEAR,age_group,sample_rows,inconsistent_hours_n,inconsistent_hours_weight_pct,mean_hours_gap,total_over_168_n,main_topcoded_n,other_topcoded_n
2000,16-24,99206,0,0,0,1,84,2
2000,25-34,151277,1,8.685773726000977e-4,1.216008321640137e-4,1,335,4
2000,35-44,185675,0,0,0,3,470,8
2000,45-54,157797,1,4.944085452036685e-4,4.944085452036684e-6,1,422,4
2000,55-64,72798,0,0,0,3,259,3
2000,65+,22360,0,0,0,0,54,2
2001,16-24,105974,0,0,0,1,90,4
2001,25-34,161578,0,0,0,0,296,3
2001,35-44,200850,1,5.860978828547387e-4,1.6996838602787419e-4,3,432,8
2001,45-54,178584,0,0,0,3,457,5
2001,55-64,83094,0,0,0,0,242,0
2001,65+,25353,0,0,0,0,97,2
2002,16-24,107980,0,0,0,0,51,1
2002,25-34,167339,0,0,0,0,298,5
2002,35-44,207362,0,0,0,3,419,11
2002,45-54,189349,0,0,0,3,400,8
2002,55-64,93899,0,0,0,0,263,1
2002,65+,27180,0,0,0,3,102,3
2003,16-24,104412,0,0,0,2,62,1
2003,25-34,160724,2,8.633194532402248e-4,1.398099110564131e-4,1,252,11
2003,35-44,199127,1,7.927641692350301e-5,1.1891462538525449e-5,1,408,6
2003,45-54,189570,0,0,0,1,449,2
2003,55-64,98210,0,0,0,2,282,6
2003,65+,28053,0,0,0,1,81,1
2004,16-24,103560,0,0,0,0,100,1
2004,25-34,157527,0,0,0,7,219,6
2004,35-44,190399,0,0,0,5,394,7
2004,45-54,188668,0,0,0,3,434,8
2004,55-64,101585,0,0,0,4,311,5
2004,65+,28817,0,0,0,1,71,4
2005,16-24,104042,1,1.0911501935179965e-4,7.638051354625976e-6,0,63,2
2005,25-34,156206,0,0,0,2,190,7
2005,35-44,188612,0,0,0,4,302,8
2005,45-54,188462,0,0,0,7,435,8
2005,55-64,105063,0,0,0,1,302,0
2005,65+,30257,0,0,0,0,94,0
2006,16-24,103703,1,8.459593849911385e-4,1.691918769982277e-5,0,58,1
2006,25-34,153903,0,0,0,1,200,4
2006,35-44,184031,0,0,0,1,338,17
2006,45-54,189978,0,0,0,5,397,10
2006,55-64,109022,0,0,0,3,260,4
2006,65+,31152,0,0,0,0,77,0
2007,16-24,99601,0,0,0,0,56,1
2007,25-34,152698,0,0,0,0,206,5
2007,35-44,178480,0,0,0,0,268,6
2007,45-54,187419,0,0,0,0,383,12
2007,55-64,112810,0,0,0,2,298,7
2007,65+,32599,0,0,0,2,109,5
2008,16-24,95519,0,0,0,0,76,1
2008,25-34,151127,0,0,0,0,189,4
2008,35-44,171765,0,0,0,3,281,4
2008,45-54,185312,0,0,0,1,396,6
2008,55-64,115955,0,0,0,2,240,6
2008,65+,34039,0,0,0,0,91,0
2009,16-24,87591,0,0,0,0,53,1
2009,25-34,147597,0,0,0,0,155,1
2009,35-44,163117,0,0,0,0,223,4
2009,45-54,180669,0,0,0,5,375,8
2009,55-64,116603,0,0,0,4,260,3
2009,65+,34747,0,0,0,0,51,1
2010,16-24,84970,0,0,0,0,55,0
2010,25-34,149218,0,0,0,0,153,3
2010,35-44,159178,0,0,0,1,200,1
2010,45-54,177720,0,0,0,2,315,5
2010,55-64,118398,0,0,0,1,240,3
2010,65+,35451,0,0,0,0,74,0
2011,16-24,82765,0,0,0,1,40,0
2011,25-34,148494,0,0,0,0,169,5
2011,35-44,154917,0,0,0,1,215,3
2011,45-54,171397,0,0,0,1,329,3
2011,55-64,121641,0,0,0,2,242,6
2011,65+,37487,0,0,0,0,86,0
2012,16-24,82302,0,0,0,0,53,1
2012,25-34,148577,0,0,0,1,207,2
2012,35-44,153619,0,0,0,0,209,1
2012,45-54,168287,0,0,0,1,295,3
2012,55-64,123588,0,0,0,0,227,1
2012,65+,39901,0,0,0,0,98,0
2013,16-24,81402,0,0,0,0,48,0
2013,25-34,148298,0,0,0,1,218,1
2013,35-44,150709,0,0,0,2,246,1
2013,45-54,165447,0,0,0,0,259,2
2013,55-64,125638,0,0,0,0,227,2
2013,65+,41799,0,0,0,1,113,1
2014,16-24,82908,0,0,0,0,54,1
2014,25-34,150007,0,0,0,2,191,2
2014,35-44,150887,0,0,0,0,250,6
2014,45-54,163705,0,0,0,4,234,9
2014,55-64,127983,0,0,0,3,246,3
2014,65+,43741,0,0,0,1,91,1
2015,16-24,82171,0,0,0,0,68,2
2015,25-34,148665,0,0,0,2,172,3
2015,35-44,149361,0,0,0,3,171,5
2015,45-54,157660,0,0,0,4,231,4
2015,55-64,125465,0,0,0,4,196,0
2015,65+,44619,0,0,0,0,108,0
2016,16-24,81786,0,0,0,0,38,0
2016,25-34,149401,0,0,0,4,146,9
2016,35-44,148765,0,0,0,1,143,3
2016,45-54,154645,0,0,0,3,180,3
2016,55-64,127228,0,0,0,0,150,3
2016,65+,46407,0,0,0,2,90,2
2017,16-24,79942,0,0,0,0,30,2
2017,25-34,146426,0,0,0,1,169,1
2017,35-44,147234,0,0,0,1,189,1
2017,45-54,150635,0,0,0,1,204,5
2017,55-64,126879,0,0,0,1,171,7
2017,65+,48294,0,0,0,0,78,1
2018,16-24,76615,0,0,0,0,47,2
2018,25-34,143522,0,0,0,1,176,4
2018,35-44,145184,0,0,0,1,196,3
2018,45-54,143669,0,0,0,2,181,11
2018,55-64,123253,0,0,0,1,210,4
2018,65+,48368,0,0,0,0,62,1
2019,16-24,73861,0,0,0,0,22,1
2019,25-34,138472,0,0,0,3,183,4
2019,35-44,140503,0,0,0,2,167,8
2019,45-54,136222,0,0,0,3,145,3
2019,55-64,121412,0,0,0,2,200,5
2019,65+,50057,0,0,0,0,88,0
2020,16-24,57597,0,0,0,0,18,3
2020,25-34,112304,0,0,0,0,107,2
2020,35-44,119156,0,0,0,2,125,2
2020,45-54,113833,0,0,0,4,129,1
2020,55-64,104006,0,0,0,0,134,0
2020,65+,44075,0,0,0,0,88,0
2021,16-24,63283,0,0,0,0,29,3
2021,25-34,118160,0,0,0,1,107,6
2021,35-44,124304,0,0,0,1,151,2
2021,45-54,114862,0,0,0,1,137,2
2021,55-64,103165,0,0,0,1,157,3
2021,65+,44994,0,0,0,2,95,2
2022,16-24,61635,0,0,0,0,21,1
2022,25-34,115417,0,0,0,0,88,6
2022,35-44,121360,0,0,0,3,129,4
2022,45-54,111544,0,0,0,5,109,3
2022,55-64,99311,0,0,0,0,154,1
2022,65+,44855,0,0,0,0,62,1
2023,16-24,62037,0,0,0,0,22,0
2023,25-34,113395,0,0,0,1,122,1
2023,35-44,120412,0,0,0,2,126,2
2023,45-54,110451,0,0,0,7,116,6
2023,55-64,96269,0,0,0,2,147,1
2023,65+,45566,0,0,0,0,70,2
2024,16-24,61154,0,0,0,1,15,2
2024,25-34,111987,0,0,0,5,111,6
2024,35-44,121751,0,0,0,0,151,2
2024,45-54,109536,0,0,0,2,105,3
2024,55-64,94588,0,0,0,4,152,4
2024,65+,46243,0,0,0,0,91,0
