YEAR,age_group,metric,baseline_estimate,restricted_estimate,difference,absolute_difference
2000,16-24,mean_total_hours,32.77598061102083,32.7746324531982,-0.0013481578226262059,0.0013481578226262059
2000,16-24,mean_main_hours,32.06620132965276,32.06567689640097,-5.244332517904127e-4,5.244332517904127e-4
2000,16-24,mean_other_hours,0.7097792813680491,0.7089555567972142,-8.23724570834905e-4,8.23724570834905e-4
2000,16-24,main_share_pct,97.8344529495804,97.83687717075208,0.002424221171679619,0.002424221171679619
2000,16-24,other_share_pct,2.1655470504195624,2.1631228292478784,-0.00242422117168406,0.00242422117168406
2001,16-24,mean_total_hours,32.38045467643678,32.38029511818032,-1.595582564561937e-4,1.595582564561937e-4
2001,16-24,mean_main_hours,31.69236484750703,31.692319715465683,-4.513204134681814e-5,4.513204134681814e-5
2001,16-24,mean_other_hours,0.688089828929765,0.6879754027146572,-1.1442621510782125e-4,1.1442621510782125e-4
2001,16-24,main_share_pct,97.87498404267167,97.87532695361888,3.4291094721083937e-4,3.4291094721083937e-4
2001,16-24,other_share_pct,2.1250159573283796,2.1246730463811767,-3.4291094720284576e-4,3.4291094720284576e-4
2002,16-24,mean_total_hours,32.170600881461645,32.170600881461645,0,0
2002,16-24,mean_main_hours,31.49008216545159,31.49008216545159,0,0
2002,16-24,mean_other_hours,0.6805187160100481,0.6805187160100481,0,0
2002,16-24,main_share_pct,97.88465649579395,97.88465649579395,0,0
2002,16-24,other_share_pct,2.115343504206034,2.115343504206034,0,0
2003,16-24,mean_total_hours,31.991600755103978,31.990826218597277,-7.745365067002297e-4,7.745365067002297e-4
2003,16-24,mean_main_hours,31.275638077983594,31.275335255847132,-3.0282213646160017e-4,3.0282213646160017e-4
2003,16-24,mean_other_hours,0.7159626771203994,0.7154909627501644,-4.7171437023496576e-4,4.7171437023496576e-4
2003,16-24,main_share_pct,97.76202921947831,97.76344956563139,0.001420346153082619,0.001420346153082619
2003,16-24,other_share_pct,2.2379707805217404,2.236550434368672,-0.001420346153068408,0.001420346153068408
2004,16-24,mean_total_hours,31.971474648604975,31.971474648604975,0,0
2004,16-24,mean_main_hours,31.2446891660413,31.2446891660413,0,0
2004,16-24,mean_other_hours,0.7267854825636673,0.7267854825636673,0,0
2004,16-24,main_share_pct,97.72676896967783,97.72676896967783,0,0
2004,16-24,other_share_pct,2.273231030322148,2.273231030322148,0,0
2005,16-24,mean_total_hours,32.156676638807916,32.15665772441187,-1.8914396044067416e-5,1.8914396044067416e-5
2005,16-24,mean_main_hours,31.404936941173993,31.40492450989783,-1.2431276164903693e-5,1.2431276164903693e-5
2005,16-24,mean_other_hours,0.7517323934811658,0.7517332145140379,8.210328720226201e-7,8.210328720226201e-7
2005,16-24,main_share_pct,97.66225936194321,97.6622781479452,1.878600198779168e-5,1.878600198779168e-5
2005,16-24,other_share_pct,2.337717923791746,2.3377218520547802,3.928263034413959e-6,3.928263034413959e-6
2006,16-24,mean_total_hours,32.19536927600432,32.195542825547506,1.7354954318449245e-4,1.7354954318449245e-4
2006,16-24,mean_main_hours,31.50933131875395,31.509516924284807,1.8560553085578135e-4,1.8560553085578135e-4
2006,16-24,mean_other_hours,0.6860200590201645,0.6860259012627343,5.842242569831235e-6,5.842242569831235e-6
2006,16-24,main_share_pct,97.86914089610495,97.86918982860469,4.8932499737475155e-5,4.8932499737475155e-5
2006,16-24,other_share_pct,2.130803511334362,2.1308101713954186,6.660061056429356e-6,6.660061056429356e-6
2007,16-24,mean_total_hours,32.206221118033234,32.206221118033234,0,0
2007,16-24,mean_main_hours,31.536493590811254,31.536493590811254,0,0
2007,16-24,mean_other_hours,0.6697275272219695,0.6697275272219695,0,0
2007,16-24,main_share_pct,97.9205026110717,97.9205026110717,0,0
2007,16-24,other_share_pct,2.07949738892828,2.07949738892828,0,0
2008,16-24,mean_total_hours,31.85159649179206,31.85159649179206,0,0
2008,16-24,mean_main_hours,31.166397648460677,31.166397648460677,0,0
2008,16-24,mean_other_hours,0.6851988433313646,0.6851988433313646,0,0
2008,16-24,main_share_pct,97.84877708246759,97.84877708246759,0,0
2008,16-24,other_share_pct,2.1512229175323623,2.1512229175323623,0,0
2009,16-24,mean_total_hours,30.495219723618654,30.495219723618654,0,0
2009,16-24,mean_main_hours,29.84056240747094,29.84056240747094,0,0
2009,16-24,mean_other_hours,0.6546573161477143,0.6546573161477143,0,0
2009,16-24,main_share_pct,97.85324610846901,97.85324610846901,0,0
2009,16-24,other_share_pct,2.146753891531006,2.146753891531006,0,0
2010,16-24,mean_total_hours,30.54193979574997,30.54193979574997,0,0
2010,16-24,mean_main_hours,29.89423393929873,29.89423393929873,0,0
2010,16-24,mean_other_hours,0.6477058564512391,0.6477058564512391,0,0
2010,16-24,main_share_pct,97.87929037650264,97.87929037650264,0,0
2010,16-24,other_share_pct,2.120709623497359,2.120709623497359,0,0
2011,16-24,mean_total_hours,30.683998783326082,30.682173648834947,-0.001825134491134861,0.001825134491134861
2011,16-24,mean_main_hours,30.01031497329616,30.009464726874814,-8.502464213471228e-4,8.502464213471228e-4
2011,16-24,mean_other_hours,0.6736838100299241,0.6727089219601389,-9.748880697851847e-4,9.748880697851847e-4
2011,16-24,main_share_pct,97.80444584557863,97.80749261881034,0.0030467732317163154,0.0030467732317163154
2011,16-24,other_share_pct,2.1955541544213886,2.1925073811896727,-0.0030467732317158713,0.0030467732317158713
2012,16-24,mean_total_hours,30.83955596414097,30.83955596414097,0,0
2012,16-24,mean_main_hours,30.183981918436096,30.183981918436096,0,0
2012,16-24,mean_other_hours,0.6555740457048673,0.6555740457048673,0,0
2012,16-24,main_share_pct,97.87424291560116,97.87424291560116,0,0
2012,16-24,other_share_pct,2.1257570843988263,2.1257570843988263,0,0
2013,16-24,mean_total_hours,31.28289746729974,31.28289746729974,0,0
2013,16-24,mean_main_hours,30.54565272037532,30.54565272037532,0,0
2013,16-24,mean_other_hours,0.7372447469244301,0.7372447469244301,0,0
2013,16-24,main_share_pct,97.64329775496317,97.64329775496317,0,0
2013,16-24,other_share_pct,2.3567022450368538,2.3567022450368538,0,0
2014,16-24,mean_total_hours,31.37899160527837,31.37899160527837,0,0
2014,16-24,mean_main_hours,30.66534482123483,30.66534482123483,0,0
2014,16-24,mean_other_hours,0.7136467840435436,0.7136467840435436,0,0
2014,16-24,main_share_pct,97.72571791655824,97.72571791655824,0,0
2014,16-24,other_share_pct,2.274282083441772,2.274282083441772,0,0
2015,16-24,mean_total_hours,31.437400932529652,31.437400932529652,0,0
2015,16-24,mean_main_hours,30.72917079333974,30.72917079333974,0,0
2015,16-24,mean_other_hours,0.7082301391899208,0.7082301391899208,0,0
2015,16-24,main_share_pct,97.74717337253833,97.74717337253833,0,0
2015,16-24,other_share_pct,2.2528266274617,2.2528266274617,0,0
2016,16-24,mean_total_hours,31.657301511335028,31.657301511335028,0,0
2016,16-24,mean_main_hours,30.909208588312513,30.909208588312513,0,0
2016,16-24,mean_other_hours,0.7480929230225152,0.7480929230225152,0,0
2016,16-24,main_share_pct,97.63690242911369,97.63690242911369,0,0
2016,16-24,other_share_pct,2.3630975708863167,2.3630975708863167,0,0
2017,16-24,mean_total_hours,31.618019338524427,31.618019338524427,0,0
2017,16-24,mean_main_hours,30.906239362975978,30.906239362975978,0,0
2017,16-24,mean_other_hours,0.7117799755484507,0.7117799755484507,0,0
2017,16-24,main_share_pct,97.74881542095461,97.74881542095461,0,0
2017,16-24,other_share_pct,2.251184579045389,2.251184579045389,0,0
2018,16-24,mean_total_hours,31.92401307313795,31.92401307313795,0,0
2018,16-24,mean_main_hours,31.263572371105305,31.263572371105305,0,0
2018,16-24,mean_other_hours,0.6604407020326307,0.6604407020326307,0,0
2018,16-24,main_share_pct,97.93121027572701,97.93121027572701,0,0
2018,16-24,other_share_pct,2.068789724272949,2.068789724272949,0,0
2019,16-24,mean_total_hours,31.859684224995775,31.859684224995775,0,0
2019,16-24,mean_main_hours,31.22024693681993,31.22024693681993,0,0
2019,16-24,mean_other_hours,0.6394372881758515,0.6394372881758515,0,0
2019,16-24,main_share_pct,97.9929578596571,97.9929578596571,0,0
2019,16-24,other_share_pct,2.0070421403429224,2.0070421403429224,0,0
2020,16-24,mean_total_hours,31.474884996275865,31.474884996275865,0,0
2020,16-24,mean_main_hours,30.963953963404247,30.963953963404247,0,0
2020,16-24,mean_other_hours,0.5109310328716237,0.5109310328716237,0,0
2020,16-24,main_share_pct,98.37670246314777,98.37670246314777,0,0
2020,16-24,other_share_pct,1.6232975368522473,1.6232975368522473,0,0
2021,16-24,mean_total_hours,31.998245715604718,31.998245715604718,0,0
2021,16-24,mean_main_hours,31.42162511965071,31.42162511965071,0,0
2021,16-24,mean_other_hours,0.5766205959540174,0.5766205959540174,0,0
2021,16-24,main_share_pct,98.19796184741213,98.19796184741213,0,0
2021,16-24,other_share_pct,1.8020381525878915,1.8020381525878915,0,0
2022,16-24,mean_total_hours,31.64456028250034,31.64456028250034,0,0
2022,16-24,mean_main_hours,31.093877500547038,31.093877500547038,0,0
2022,16-24,mean_other_hours,0.5506827819533139,0.5506827819533139,0,0
2022,16-24,main_share_pct,98.25978690480387,98.25978690480387,0,0
2022,16-24,other_share_pct,1.74021309519616,1.74021309519616,0,0
2023,16-24,mean_total_hours,31.69129363024896,31.69129363024896,0,0
2023,16-24,mean_main_hours,31.119833757217364,31.119833757217364,0,0
2023,16-24,mean_other_hours,0.5714598730315842,0.5714598730315842,0,0
2023,16-24,main_share_pct,98.196792217765,98.196792217765,0,0
2023,16-24,other_share_pct,1.8032077822349688,1.8032077822349688,0,0
2024,16-24,mean_total_hours,31.356079541231423,31.351626240360783,-0.00445330087064022,0.00445330087064022
2024,16-24,mean_main_hours,30.74190758122781,30.74009449823825,-0.0018130829895603995,0.0018130829895603995
2024,16-24,mean_other_hours,0.614171960003611,0.6115317421225333,-0.002640217881077711,0.002640217881077711
2024,16-24,main_share_pct,98.04129862856097,98.0494417181611,0.00814308960013932,0.00814308960013932
2024,16-24,other_share_pct,1.9587013714390236,1.9505582818388945,-0.008143089600129105,0.008143089600129105
2000,25-34,mean_total_hours,41.18660886439955,41.18536680778628,-0.0012420566132718136,0.0012420566132718136
2000,25-34,mean_main_hours,40.369103629180074,40.36874322193674,-0.00036040724333474827,0.00036040724333474827
2000,25-34,mean_other_hours,0.8173847661485734,0.8166235858495313,-7.611802990420413e-4,7.611802990420413e-4
2000,25-34,main_share_pct,98.01511885110283,98.01719967759239,0.00208082648956065,0.00208082648956065
2000,25-34,other_share_pct,1.9845886531704624,1.982800322407581,-0.0017883307628814293,0.0017883307628814293
2001,25-34,mean_total_hours,40.536628015360634,40.536628015360634,0,0
2001,25-34,mean_main_hours,39.77195509657043,39.77195509657043,0,0
2001,25-34,mean_other_hours,0.7646729187902263,0.7646729187902263,0,0
2001,25-34,main_share_pct,98.11362474821428,98.11362474821428,0,0
2001,25-34,other_share_pct,1.886375251785785,1.886375251785785,0,0
2002,25-34,mean_total_hours,40.37269994585533,40.37269994585533,0,0
2002,25-34,mean_main_hours,39.63135186438384,39.63135186438384,0,0
2002,25-34,mean_other_hours,0.7413480814714697,0.7413480814714697,0,0
2002,25-34,main_share_pct,98.1637391542658,98.1637391542658,0,0
2002,25-34,other_share_pct,1.8362608457341398,1.8362608457341398,0,0
2003,25-34,mean_total_hours,40.3204706577446,40.318984461084604,-0.001486196659996608,0.001486196659996608
2003,25-34,mean_main_hours,39.586559657954105,39.58607333749829,-4.863204558134271e-4,4.863204558134271e-4
2003,25-34,mean_other_hours,0.7337725298024956,0.7329111235863226,-8.614062161730329e-4,8.614062161730329e-4
2003,25-34,main_share_pct,98.17980547394843,98.18221829398082,0.002412820032390073,0.002412820032390073
2003,25-34,other_share_pct,1.8198511025107675,1.8177817060192067,-0.002069396491560793,0.002069396491560793
2004,25-34,mean_total_hours,40.324577207486065,40.320907774787315,-0.003669432698750086,0.003669432698750086
2004,25-34,mean_main_hours,39.55433965049195,39.55294703132728,-0.001392619164668929,0.001392619164668929
2004,25-34,mean_other_hours,0.7702375569941203,0.7679607434600395,-0.0022768135340808238,0.0022768135340808238
2004,25-34,main_share_pct,98.08990543650107,98.09537833882737,0.005472902326303597,0.005472902326303597
2004,25-34,other_share_pct,1.910094563498931,1.904621661172633,-0.005472902326298046,0.005472902326298046
2005,25-34,mean_total_hours,40.30763754681068,40.3048631497172,-0.0027743970934821505,0.0027743970934821505
2005,25-34,mean_main_hours,39.56800305300492,39.566957034956715,-0.0010460180482070314,0.0010460180482070314
2005,25-34,mean_other_hours,0.7396344938057502,0.737906114760476,-0.001728379045274231,0.001728379045274231
2005,25-34,main_share_pct,98.16502643463836,98.16918838796339,0.004161953325024115,0.004161953325024115
2005,25-34,other_share_pct,1.834973565361618,1.8308116120365827,-0.004161953325035217,0.004161953325035217
2006,25-34,mean_total_hours,40.421464445687825,40.420367889696685,-0.0010965559911397804,0.0010965559911397804
2006,25-34,mean_main_hours,39.68145842157041,39.681064752819694,-3.936687507177794e-4,3.936687507177794e-4
2006,25-34,mean_other_hours,0.7400060241174073,0.7393031368769853,-7.02887240422001e-4,7.02887240422001e-4
2006,25-34,main_share_pct,98.16927458154882,98.17096385937288,0.0016892778240560347,0.0016892778240560347
2006,25-34,other_share_pct,1.830725418451165,1.8290361406271036,-0.0016892778240613637,0.0016892778240613637
2007,25-34,mean_total_hours,40.28269388098373,40.28269388098373,0,0
2007,25-34,mean_main_hours,39.52779814657523,39.52779814657523,0,0
2007,25-34,mean_other_hours,0.7548957344084974,0.7548957344084974,0,0
2007,25-34,main_share_pct,98.12600483811023,98.12600483811023,0,0
2007,25-34,other_share_pct,1.87399516188976,1.87399516188976,0,0
2008,25-34,mean_total_hours,39.95151021583298,39.95151021583298,0,0
2008,25-34,mean_main_hours,39.25170146258621,39.25170146258621,0,0
2008,25-34,mean_other_hours,0.699808753246745,0.699808753246745,0,0
2008,25-34,main_share_pct,98.24835469431282,98.24835469431282,0,0
2008,25-34,other_share_pct,1.7516453056871109,1.7516453056871109,0,0
2009,25-34,mean_total_hours,38.85354295846328,38.85354295846328,0,0
2009,25-34,mean_main_hours,38.13696942736726,38.13696942736726,0,0
2009,25-34,mean_other_hours,0.7165735310960131,0.7165735310960131,0,0
2009,25-34,main_share_pct,98.15570607843388,98.15570607843388,0,0
2009,25-34,other_share_pct,1.8442939215661034,1.8442939215661034,0,0
2010,25-34,mean_total_hours,39.14350332311124,39.14350332311124,0,0
2010,25-34,mean_main_hours,38.42752858763036,38.42752858763036,0,0
2010,25-34,mean_other_hours,0.7159747354808722,0.7159747354808722,0,0
2010,25-34,main_share_pct,98.1708976593872,98.1708976593872,0,0
2010,25-34,other_share_pct,1.8291023406127882,1.8291023406127882,0,0
2011,25-34,mean_total_hours,39.2797512978079,39.2797512978079,0,0
2011,25-34,mean_main_hours,38.602851438299396,38.602851438299396,0,0
2011,25-34,mean_other_hours,0.6768998595084986,0.6768998595084986,0,0
2011,25-34,main_share_pct,98.27672060758114,98.27672060758114,0,0
2011,25-34,other_share_pct,1.7232793924188483,1.7232793924188483,0,0
2012,25-34,mean_total_hours,39.43749045050682,39.43697359793245,-5.168525743712848e-4,5.168525743712848e-4
2012,25-34,mean_main_hours,38.745759801673195,38.74556291302904,-1.968886441545692e-4,1.968886441545692e-4
2012,25-34,mean_other_hours,0.6917306488336294,0.6914106849034185,-3.199639302109425e-4,3.199639302109425e-4
2012,25-34,main_share_pct,98.24600743878028,98.24679578115584,7.883423755572494e-4,7.883423755572494e-4
2012,25-34,other_share_pct,1.7539925612197258,1.7532042188441834,-7.883423755423724e-4,7.883423755423724e-4
2013,25-34,mean_total_hours,39.574132998439346,39.571890123287304,-0.002242875152042245,0.002242875152042245
2013,25-34,mean_main_hours,38.883115362590516,38.88230550262616,-8.098599643560078e-4,8.098599643560078e-4
2013,25-34,mean_other_hours,0.6910176358488421,0.6895846206611572,-0.001433015187684905,0.001433015187684905
2013,25-34,main_share_pct,98.25386538253136,98.25738771003174,0.003522327500377287,0.003522327500377287
2013,25-34,other_share_pct,1.7461346174686714,1.7426122899683023,-0.0035223275003690713,0.0035223275003690713
2014,25-34,mean_total_hours,39.55344424634876,39.55249215418209,-9.520921666705817e-4,9.520921666705817e-4
2014,25-34,mean_main_hours,38.84636489696156,38.84600480155118,-3.6009541037884674e-4,3.6009541037884674e-4
2014,25-34,mean_other_hours,0.7070793493872054,0.7064873526309096,-5.919967562958428e-4,5.919967562958428e-4
2014,25-34,main_share_pct,98.21234442951837,98.2137981346993,0.0014537051809355717,0.0014537051809355717
2014,25-34,other_share_pct,1.7876555704816453,1.78620186530069,-0.0014537051809553336,0.0014537051809553336
2015,25-34,mean_total_hours,39.54444807712339,39.5440855609405,-3.625161828892942e-4,3.625161828892942e-4
2015,25-34,mean_main_hours,38.848700396955955,38.84857126067809,-1.2913627786304005e-4,1.2913627786304005e-4
2015,25-34,mean_other_hours,0.6957476801674541,0.6955143002624229,-2.3337990503125017e-4,2.3337990503125017e-4
2015,25-34,main_share_pct,98.24059327162558,98.24116731896463,5.740473390432044e-4,5.740473390432044e-4
2015,25-34,other_share_pct,1.759406728374461,1.7588326810354014,-5.740473390596357e-4,5.740473390596357e-4
2016,25-34,mean_total_hours,39.8453956417077,39.84198947315933,-0.003406168548366395,0.003406168548366395
2016,25-34,mean_main_hours,39.09120151905986,39.089921883540434,-0.001279635519424005,0.001279635519424005
2016,25-34,mean_other_hours,0.7541941226478367,0.7520675896188965,-0.0021265330289401696,0.0021265330289401696
2016,25-34,main_share_pct,98.10719881054865,98.11237440809639,0.005175597547733446,0.005175597547733446
2016,25-34,other_share_pct,1.8928011894513426,1.8876255919036067,-0.005175597547735888,0.005175597547735888
2017,25-34,mean_total_hours,39.73008995385758,39.72948766409757,-6.022897600104216e-4,6.022897600104216e-4
2017,25-34,mean_main_hours,39.02819067518398,39.02796308547163,-2.275897123453774e-4,2.275897123453774e-4
2017,25-34,mean_other_hours,0.7018992786736141,0.7015245786259436,-3.7470004767048426e-4,3.7470004767048426e-4
2017,25-34,main_share_pct,98.23333075890645,98.23424710492836,9.163460219099306e-4,9.163460219099306e-4
2017,25-34,other_share_pct,1.7666692410935847,1.765752895071667,-9.163460219177022e-4,9.163460219177022e-4
2018,25-34,mean_total_hours,39.864634898238286,39.862704900834295,-0.001929997403991024,0.001929997403991024
2018,25-34,mean_main_hours,39.10368026672798,39.102979828326646,-7.004384013313825e-4,7.004384013313825e-4
2018,25-34,mean_other_hours,0.7609546315102875,0.7597250725076234,-0.0012295590026640824,0.0012295590026640824
2018,25-34,main_share_pct,98.09115364168572,98.09414570737836,0.0029920656926378797,0.0029920656926378797
2018,25-34,other_share_pct,1.9088463583142359,1.9058542926215802,-0.0029920656926556433,0.0029920656926556433
2019,25-34,mean_total_hours,40.03624087840503,40.032495266055676,-0.0037456123493555538,0.0037456123493555538
2019,25-34,mean_main_hours,39.29605419731467,39.29468781484446,-0.0013663824702092597,0.0013663824702092597
2019,25-34,mean_other_hours,0.7401866810903327,0.7378074512111841,-0.0023792298791486255,0.0023792298791486255
2019,25-34,main_share_pct,98.15120834311492,98.15697860873335,0.00577026561843752,0.00577026561843752
2019,25-34,other_share_pct,1.8487916568849967,1.8430213912665723,-0.005770265618424419,0.005770265618424419
2020,25-34,mean_total_hours,39.108578185696864,39.108578185696864,0,0
2020,25-34,mean_main_hours,38.52417151659848,38.52417151659848,0,0
2020,25-34,mean_other_hours,0.5844066690983719,0.5844066690983719,0,0
2020,25-34,main_share_pct,98.50568162738242,98.50568162738242,0,0
2020,25-34,other_share_pct,1.4943183726175613,1.4943183726175613,0,0
2021,25-34,mean_total_hours,39.67367341785832,39.67087648197994,-0.0027969358783792586,0.0027969358783792586
2021,25-34,mean_main_hours,39.0248716479253,39.023813117127894,-0.0010585307974082525,0.0010585307974082525
2021,25-34,mean_other_hours,0.6488017699330038,0.647063364852041,-0.0017384050809627904,0.0017384050809627904
2021,25-34,main_share_pct,98.36465415465922,98.36892092579309,0.004266771133870861,0.004266771133870861
2021,25-34,other_share_pct,1.6353458453407508,1.6310790742068992,-0.0042667711338515435,0.0042667711338515435
2022,25-34,mean_total_hours,39.54793813478083,39.54793813478083,0,0
2022,25-34,mean_main_hours,38.85819472007928,38.85819472007928,0,0
2022,25-34,mean_other_hours,0.689743414701549,0.689743414701549,0,0
2022,25-34,main_share_pct,98.255930783671,98.255930783671,0,0
2022,25-34,other_share_pct,1.7440692163289981,1.7440692163289981,0,0
2023,25-34,mean_total_hours,39.51145995494451,39.51002260844957,-0.001437346494945757,0.001437346494945757
2023,25-34,mean_main_hours,38.81171853725548,38.81137347097729,-3.4506627819297364e-4,3.4506627819297364e-4
2023,25-34,mean_other_hours,0.6997414176890397,0.6986491374722914,-0.0010922802167483425,0.0010922802167483425
2023,25-34,main_share_pct,98.22901654738408,98.23171668516619,0.002700137782113643,0.002700137782113643
2023,25-34,other_share_pct,1.7709834526159371,1.7682833148338395,-0.0027001377820976558,0.0027001377820976558
2024,25-34,mean_total_hours,39.29706723871604,39.28852767300962,-0.008539565706421115,0.008539565706421115
2024,25-34,mean_main_hours,38.574375491112015,38.5711494042977,-0.0032260868143154653,0.0032260868143154653
2024,25-34,mean_other_hours,0.7226917476040239,0.7173782687119109,-0.005313478892112977,0.005313478892112977
2024,25-34,main_share_pct,98.16095246188749,98.1740769858252,0.013124523937705135,0.013124523937705135
2024,25-34,other_share_pct,1.839047538112507,1.8259230141747829,-0.01312452393772423,0.01312452393772423
2000,35-44,mean_total_hours,41.66661277478336,41.66437681714723,-0.0022359576361310474,0.0022359576361310474
2000,35-44,mean_main_hours,40.79579250387175,40.794974320382224,-8.181834895282236e-4,8.181834895282236e-4
2000,35-44,mean_other_hours,0.8708202709115856,0.8694024967649853,-0.0014177741466003813,0.0014177741466003813
2000,35-44,main_share_pct,97.91002864663233,97.91331933133056,0.0032906846982285742,0.0032906846982285742
2000,35-44,other_share_pct,2.0899713533676207,2.0866806686693975,-0.003290684698223245,0.003290684698223245
2001,35-44,mean_total_hours,41.12455794317536,41.12081493974395,-0.003743003431409875,0.003743003431409875
2001,35-44,mean_main_hours,40.28517543967634,40.28385547373694,-0.0013199659393947627,0.0013199659393947627
2001,35-44,mean_other_hours,0.8392169176720093,0.8369594660069938,-0.002257451665015564,0.002257451665015564
2001,35-44,main_share_pct,97.95892638005044,97.96463307637886,0.005706696328417138,0.005706696328417138
2001,35-44,other_share_pct,2.0406709753126426,2.035366923621104,-0.0053040516915388025,0.0053040516915388025
2002,35-44,mean_total_hours,40.965382899831845,40.9629887198361,-0.002394179995746981,0.002394179995746981
2002,35-44,mean_main_hours,40.13741042034959,40.13652473570783,-8.856846417586439e-4,8.856846417586439e-4
2002,35-44,mean_other_hours,0.8279724794822166,0.82646398412823,-0.001508495353986672,0.001508495353986672
2002,35-44,main_share_pct,97.97884843037643,97.9824128806108,0.003564450234364358,0.003564450234364358
2002,35-44,other_share_pct,2.021151569623472,2.017587119389117,-0.003564450234355032,0.003564450234355032
2003,35-44,mean_total_hours,40.87923949407737,40.87871276705705,-5.267270203148655e-4,5.267270203148655e-4
2003,35-44,mean_main_hours,40.07348627222782,40.07330085553982,-1.8541668799798572e-4,1.8541668799798572e-4
2003,35-44,mean_other_hours,0.8057415171568173,0.8054119115172543,-3.2960563956296873e-4,3.2960563956296873e-4
2003,35-44,main_share_pct,98.02894273029153,98.02975226713525,8.09536843718206e-4,8.09536843718206e-4
2003,35-44,other_share_pct,1.9710286373442787,1.9702477328647978,-7.809044794808706e-4,7.809044794808706e-4
2004,35-44,mean_total_hours,40.92137892132053,40.918299275459674,-0.003079645860857738,0.003079645860857738
2004,35-44,mean_main_hours,40.12075099389387,40.11964546059287,-0.0011055333010006052,0.0011055333010006052
2004,35-44,mean_other_hours,0.8006279274266775,0.7986538148668223,-0.0019741125598552456,0.0019741125598552456
2004,35-44,main_share_pct,98.04349719258965,98.04817446226122,0.00467726967156068,0.00467726967156068
2004,35-44,other_share_pct,1.9565028074103845,1.9518255377388243,-0.004677269671560236,0.004677269671560236
2005,35-44,mean_total_hours,41.00699647915503,41.00516139347535,-0.0018350856796800485,0.0018350856796800485
2005,35-44,mean_main_hours,40.20951586281676,40.20881823815179,-6.976246649657014e-4,6.976246649657014e-4
2005,35-44,mean_other_hours,0.7974806163382899,0.7963431553235745,-0.0011374610147154574,0.0011374610147154574
2005,35-44,main_share_pct,98.0552571882614,98.05794410200696,0.002686913745563402,0.002686913745563402
2005,35-44,other_share_pct,1.9447428117386532,1.9420558979930924,-0.0026869137455607373,0.0026869137455607373
2006,35-44,mean_total_hours,41.03922152309162,41.038932266454474,-2.8925663714574057e-4,2.8925663714574057e-4
2006,35-44,mean_main_hours,40.24080943957792,40.24070156900176,-1.0787057616568063e-4,1.0787057616568063e-4
2006,35-44,mean_other_hours,0.7984120835136905,0.7982306974527091,-1.813860609813922e-4,1.813860609813922e-4
2006,35-44,main_share_pct,98.05451455002759,98.05494282290285,4.2827287525426527e-4,4.2827287525426527e-4
2006,35-44,other_share_pct,1.9454854499724035,1.9450571770971459,-4.2827287525759594e-4,4.2827287525759594e-4
2007,35-44,mean_total_hours,40.97414797915473,40.97414797915473,0,0
2007,35-44,mean_main_hours,40.18327923204531,40.18327923204531,0,0
2007,35-44,mean_other_hours,0.7908687471093796,0.7908687471093796,0,0
2007,35-44,main_share_pct,98.06983479555994,98.06983479555994,0,0
2007,35-44,other_share_pct,1.9301652044399502,1.9301652044399502,0,0
2008,35-44,mean_total_hours,40.74624935199654,40.742477785240915,-0.0037715667556241783,0.0037715667556241783
2008,35-44,mean_main_hours,39.937600461983905,39.93634016913014,-0.0012602928537646108,0.0012602928537646108
2008,35-44,mean_other_hours,0.8086488900126224,0.8061376161107638,-0.0025112739018585684,0.0025112739018585684
2008,35-44,main_share_pct,98.0154028827858,98.0213829400361,0.005980057250297932,0.005980057250297932
2008,35-44,other_share_pct,1.984597117214174,1.978617059963863,-0.005980057250311033,0.005980057250311033
2009,35-44,mean_total_hours,39.69968976149412,39.69968976149412,0,0
2009,35-44,mean_main_hours,38.93170812960336,38.93170812960336,0,0
2009,35-44,mean_other_hours,0.7679816318907434,0.7679816318907434,0,0
2009,35-44,main_share_pct,98.06552233404189,98.06552233404189,0,0
2009,35-44,other_share_pct,1.9344776659580627,1.9344776659580627,0,0
2010,35-44,mean_total_hours,39.967395828673574,39.96579468798951,-0.001601140684066138,0.001601140684066138
2010,35-44,mean_main_hours,39.21311053619902,39.21251575804792,-5.947781510968753e-4,5.947781510968753e-4
2010,35-44,mean_other_hours,0.7542852924745452,0.7532789299415827,-0.0010063625329624903,0.0010063625329624903
2010,35-44,main_share_pct,98.11274846200159,98.11519091307358,0.0024424510719853743,0.0024424510719853743
2010,35-44,other_share_pct,1.887251537998387,1.88480908692642,-0.0024424510719669446,0.0024424510719669446
2011,35-44,mean_total_hours,40.12940946827478,40.12855751741272,-8.51950862056583e-4,8.51950862056583e-4
2011,35-44,mean_main_hours,39.41356176499497,39.41323775590968,-3.2400908528984473e-4,3.2400908528984473e-4
2011,35-44,mean_other_hours,0.7158477032798147,0.7153197615030464,-5.279417767682926e-4,5.279417767682926e-4
2011,35-44,main_share_pct,98.21615191261226,98.21742966665909,0.0012777540468249526,0.0012777540468249526
2011,35-44,other_share_pct,1.7838480873877411,1.782570333340919,-0.001277754046822066,0.001277754046822066
2012,35-44,mean_total_hours,40.3314872022095,40.3314872022095,0,0
2012,35-44,mean_main_hours,39.63431426421975,39.63431426421975,0,0
2012,35-44,mean_other_hours,0.6971729379897467,0.6971729379897467,0,0
2012,35-44,main_share_pct,98.27139293303432,98.27139293303432,0,0
2012,35-44,other_share_pct,1.7286070669656661,1.7286070669656661,0,0
2013,35-44,mean_total_hours,40.45535292594248,40.452991555608314,-0.002361370334163837,0.002361370334163837
2013,35-44,mean_main_hours,39.76222069755352,39.76125561109047,-9.650864630543765e-4,9.650864630543765e-4
2013,35-44,mean_other_hours,0.693132228388991,0.6917359445178817,-0.0013962838711093495,0.0013962838711093495
2013,35-44,main_share_pct,98.28667363338099,98.29002524184904,0.0033516084680513814,0.0033516084680513814
2013,35-44,other_share_pct,1.7133263666191174,1.7099747581510591,-0.0033516084680582647,0.0033516084680582647
2014,35-44,mean_total_hours,40.51420003108057,40.51420003108057,0,0
2014,35-44,mean_main_hours,39.81150871489725,39.81150871489725,0,0
2014,35-44,mean_other_hours,0.7026913161833322,0.7026913161833322,0,0
2014,35-44,main_share_pct,98.26556783635306,98.26556783635306,0,0
2014,35-44,other_share_pct,1.7344321636469702,1.7344321636469702,0,0
2015,35-44,mean_total_hours,40.34409349783045,40.341073812345265,-0.003019685485185164,0.003019685485185164
2015,35-44,mean_main_hours,39.64943473980529,39.64844020206084,-9.945377444466885e-4,9.945377444466885e-4
2015,35-44,mean_other_hours,0.6946587580251661,0.6926336102844296,-0.002025147740736477,0.002025147740736477
2015,35-44,main_share_pct,98.27816491139522,98.28305608941807,0.004891178022845111,0.004891178022845111
2015,35-44,other_share_pct,1.7218350886047846,1.7169439105819446,-0.004891178022840004,0.004891178022840004
2016,35-44,mean_total_hours,40.51608078757425,40.514689053740796,-0.00139173383345792,0.00139173383345792
2016,35-44,mean_main_hours,39.80629629332796,39.80577339774051,-5.22895587451444e-4,5.22895587451444e-4
2016,35-44,mean_other_hours,0.7097844942462975,0.7089156560002942,-8.688382460033672e-4,8.688382460033672e-4
2016,35-44,main_share_pct,98.24814128008163,98.25022560321284,0.002084323131214205,0.002084323131214205
2016,35-44,other_share_pct,1.7518587199183864,1.7497743967871786,-0.002084323131207766,0.002084323131207766
2017,35-44,mean_total_hours,40.58308513502386,40.582800661940325,-2.8447308353207745e-4,2.8447308353207745e-4
2017,35-44,mean_main_hours,39.83993663623206,39.839834846058196,-1.0179017386491296e-4,1.0179017386491296e-4
2017,35-44,mean_other_hours,0.7431484987917978,0.7429658158821363,-1.8268290966150236e-4,1.8268290966150236e-4
2017,35-44,main_share_pct,98.16882206880213,98.16925938140365,4.373126015195794e-4,4.373126015195794e-4
2017,35-44,other_share_pct,1.831177931197864,1.8307406185963655,-4.3731260149848517e-4,4.3731260149848517e-4
2018,35-44,mean_total_hours,40.74015934761779,40.738104940657614,-0.002054406960176891,0.002054406960176891
2018,35-44,mean_main_hours,40.008079229817234,40.007319881952675,-7.593478645588903e-4,7.593478645588903e-4
2018,35-44,mean_other_hours,0.7320801178005749,0.7307850587049549,-0.0012950590956199992,0.0012950590956199992
2018,35-44,main_share_pct,98.20305043101565,98.20613879862734,0.0030883676116815195,0.0030883676116815195
2018,35-44,other_share_pct,1.7969495689843982,1.7938612013727073,-0.0030883676116908454,0.0030883676116908454
2019,35-44,mean_total_hours,40.65844737240916,40.6581132661689,-3.341062402597572e-4,3.341062402597572e-4
2019,35-44,mean_main_hours,39.93282894616172,39.932703916286144,-1.250298755763879e-4,1.250298755763879e-4
2019,35-44,mean_other_hours,0.7256184262474479,0.7254093498827608,-2.0907636468703306e-4,2.0907636468703306e-4
2019,35-44,main_share_pct,98.21533168839143,98.2158312533249,4.99564933463148e-4,4.99564933463148e-4
2019,35-44,other_share_pct,1.7846683116086053,1.784168746675131,-4.995649334742502e-4,4.995649334742502e-4
2020,35-44,mean_total_hours,39.823033774859,39.82032198843791,-0.002711786421087936,0.002711786421087936
2020,35-44,mean_main_hours,39.1006721714764,39.09965744309828,-0.0010147283781165584,0.0010147283781165584
2020,35-44,mean_other_hours,0.7223616033826118,0.7206645453396436,-0.001697058042968158,0.001697058042968158
2020,35-44,main_share_pct,98.1860708868478,98.19020914610164,0.004138259253835486,0.004138259253835486
2020,35-44,other_share_pct,1.8139291131522275,1.809790853898402,-0.004138259253825494,0.004138259253825494
2021,35-44,mean_total_hours,40.25044716838491,40.24924992435077,-0.001197244034138123,0.001197244034138123
2021,35-44,mean_main_hours,39.52699854311049,39.52648550947228,-5.130336382066503e-4,5.130336382066503e-4
2021,35-44,mean_other_hours,0.7234486252744303,0.7227644148784956,-6.842103959346924e-4,6.842103959346924e-4
2021,35-44,main_share_pct,98.20263207947,98.20427854870105,0.0016464692310478313,0.0016464692310478313
2021,35-44,other_share_pct,1.7973679205300104,1.795721451298956,-0.0016464692310542706,0.0016464692310542706
2022,35-44,mean_total_hours,40.30357770572433,40.30076947249754,-0.002808233226787138,0.002808233226787138
2022,35-44,mean_main_hours,39.53981242749956,39.53879414851824,-0.0010182789813200088,0.0010182789813200088
2022,35-44,mean_other_hours,0.7637652782247741,0.761975323979307,-0.0017899542454671291,0.0017899542454671291
2022,35-44,main_share_pct,98.10496903326703,98.10927847295994,0.004309439692917749,0.004309439692917749
2022,35-44,other_share_pct,1.8950309667330012,1.8907215270400777,-0.004309439692923522,0.004309439692923522
2023,35-44,mean_total_hours,40.173616423413165,40.17090619190337,-0.0027102315097948804,0.0027102315097948804
2023,35-44,mean_main_hours,39.36531789248247,39.364297001099565,-0.0010208913829075072,0.0010208913829075072
2023,35-44,mean_other_hours,0.8082985309307084,0.806609190803819,-0.0016893401268893715,0.0016893401268893715
2023,35-44,main_share_pct,97.98798663677285,97.99205627338728,0.004069636614431715,0.004069636614431715
2023,35-44,other_share_pct,2.012013363227196,2.007943726612756,-0.004069636614439709,0.004069636614439709
2024,35-44,mean_total_hours,39.957041920560926,39.957041920560926,0,0
2024,35-44,mean_main_hours,39.18060219263772,39.18060219263772,0,0
2024,35-44,mean_other_hours,0.7764397279232002,0.7764397279232002,0,0
2024,35-44,main_share_pct,98.05681379150425,98.05681379150425,0,0
2024,35-44,other_share_pct,1.9431862084957372,1.9431862084957372,0,0
2000,45-54,mean_total_hours,41.79796461627367,41.79657670700345,-0.0013879092702140383,0.0013879092702140383
2000,45-54,mean_main_hours,40.88084397322399,40.88026843831741,-5.755349065807991e-4,5.755349065807991e-4
2000,45-54,mean_other_hours,0.917115781311946,0.9163082686860429,-8.075126259031729e-4,8.075126259031729e-4
2000,45-54,main_share_pct,97.80582463411962,97.80769541221181,0.0018707780921971562,0.0018707780921971562
2000,45-54,other_share_pct,2.1941637343624985,2.192304587788181,-0.0018591465743176272,0.0018591465743176272
2001,45-54,mean_total_hours,41.350499924722605,41.35001700999528,-4.8291472732842067e-4,4.8291472732842067e-4
2001,45-54,mean_main_hours,40.48856124864772,40.48837561375994,-1.8563488777800785e-4,1.8563488777800785e-4
2001,45-54,mean_other_hours,0.8619386760749285,0.8616413962353768,-2.9727983955163406e-4,2.9727983955163406e-4
2001,45-54,main_share_pct,97.9155302169405,97.91622480825811,6.945913176110707e-4,6.945913176110707e-4
2001,45-54,other_share_pct,2.0844697830596077,2.0837751917419953,-6.94591317612403e-4,6.94591317612403e-4
2002,45-54,mean_total_hours,41.268695230909586,41.26733357090519,-0.001361660004398857,0.001361660004398857
2002,45-54,mean_main_hours,40.398204951278466,40.39771234529241,-4.92605986053718e-4,4.92605986053718e-4
2002,45-54,mean_other_hours,0.8704902796311248,0.869621225612781,-8.690540183438067e-4,8.690540183438067e-4
2002,45-54,main_share_pct,97.89067651700523,97.8927128303102,0.0020363133049698945,0.0020363133049698945
2002,45-54,other_share_pct,2.109323482994785,2.1072871696898106,-0.0020363133049743354,0.0020363133049743354
2003,45-54,mean_total_hours,41.10840955010754,41.10739370507626,-0.0010158450312758305,0.0010158450312758305
2003,45-54,mean_main_hours,40.25784306129994,40.25747984571653,-3.632155834054629e-4,3.632155834054629e-4
2003,45-54,mean_other_hours,0.8505664888076147,0.8499138593597416,-6.526294478730321e-4,6.526294478730321e-4
2003,45-54,main_share_pct,97.93091851979621,97.93245500929245,0.001536489496245963,0.001536489496245963
2003,45-54,other_share_pct,2.0690814802038227,2.067544990707566,-0.0015364894962566211,0.0015364894962566211
2004,45-54,mean_total_hours,41.17051901516962,41.16923725028296,-0.0012817648866558784,0.0012817648866558784
2004,45-54,mean_main_hours,40.31539837771575,40.31502524560069,-3.7313211506528887e-4,3.7313211506528887e-4
2004,45-54,mean_other_hours,0.8551206374538434,0.854212004682252,-9.086327715913667e-4,9.086327715913667e-4
2004,45-54,main_share_pct,97.92297824290534,97.92512064411297,0.002142401207620992,0.002142401207620992
2004,45-54,other_share_pct,2.0770217570946023,2.0748793558869756,-0.002142401207626765,0.002142401207626765
2005,45-54,mean_total_hours,41.30195605441626,41.297948584057714,-0.004007470358544651,0.004007470358544651
2005,45-54,mean_main_hours,40.4537452354656,40.45227974587666,-0.001465489588937885,0.001465489588937885
2005,45-54,mean_other_hours,0.8482108189506775,0.8456688381810744,-0.0025419807696031027,0.0025419807696031027
2005,45-54,main_share_pct,97.94631804403375,97.95227398169722,0.005955937663472355,0.005955937663472355
2005,45-54,other_share_pct,2.0536819559663,2.0477260183028285,-0.005955937663471467,0.005955937663471467
2006,45-54,mean_total_hours,41.375053783344484,41.37310649286264,-0.0019472904818442771,0.0019472904818442771
2006,45-54,mean_main_hours,40.53044914601942,40.52973085556832,-7.182904511040533e-4,7.182904511040533e-4
2006,45-54,mean_other_hours,0.8446046373250609,0.8433756372943182,-0.0012290000307426663,0.0012290000307426663
2006,45-54,main_share_pct,97.95866214036184,97.96153659034567,0.0028744499838353477,0.0028744499838353477
2006,45-54,other_share_pct,2.0413378596381575,2.038463409654314,-0.0028744499838433413,0.0028744499838433413
2007,45-54,mean_total_hours,41.22103362175967,41.22103362175967,0,0
2007,45-54,mean_main_hours,40.38557108862698,40.38557108862698,0,0
2007,45-54,mean_other_hours,0.8354625331326858,0.8354625331326858,0,0
2007,45-54,main_share_pct,97.97321304264513,97.97321304264513,0,0
2007,45-54,other_share_pct,2.0267869573548576,2.0267869573548576,0,0
2008,45-54,mean_total_hours,40.96564608696199,40.9643576059311,-0.0012884810308904093,0.0012884810308904093
2008,45-54,mean_main_hours,40.11339580946029,40.1129146957432,-4.811137170932511e-4,4.811137170932511e-4
2008,45-54,mean_other_hours,0.8522502775016976,0.8514429101878993,-8.073673137982684e-4,8.073673137982684e-4
2008,45-54,main_share_pct,97.91959761676274,97.92150308231706,0.0019054655543158106,0.0019054655543158106
2008,45-54,other_share_pct,2.080402383237258,2.078496917682951,-0.0019054655543069288,0.0019054655543069288
2009,45-54,mean_total_hours,39.9708184455317,39.969273738691314,-0.0015447068403844355,0.0015447068403844355
2009,45-54,mean_main_hours,39.13793601842979,39.13733957451494,-5.964439148513634e-4,5.964439148513634e-4
2009,45-54,mean_other_hours,0.8328824271018991,0.8319341641763713,-9.48262925527743e-4,9.48262925527743e-4
2009,45-54,main_share_pct,97.91627377298546,97.91856572222117,0.0022919492357118543,0.0022919492357118543
2009,45-54,other_share_pct,2.083726227014514,2.0814342777788255,-0.0022919492356883175,0.0022919492356883175
2010,45-54,mean_total_hours,40.21663409325389,40.216302122272666,-3.3197098122172974e-4,3.3197098122172974e-4
2010,45-54,mean_main_hours,39.45280758368402,39.45268253952636,-1.2504415766301236e-4,1.2504415766301236e-4
2010,45-54,mean_other_hours,0.7638265095698525,0.7636195827462955,-2.0692682355705205e-4,2.0692682355705205e-4
2010,45-54,main_share_pct,98.1007199463816,98.10121880319922,4.988568176145236e-4,4.988568176145236e-4
2010,45-54,other_share_pct,1.8992800536183612,1.8987811968007526,-4.988568176085284e-4,4.988568176085284e-4
2011,45-54,mean_total_hours,40.40495565209793,40.40419593606167,-7.597160362635691e-4,7.597160362635691e-4
2011,45-54,mean_main_hours,39.64442871132982,39.64414743721961,-2.8127411021472426e-4,2.8127411021472426e-4
2011,45-54,mean_other_hours,0.7605269407681053,0.7600484988420546,-4.784419260507322e-4,4.784419260507322e-4
2011,45-54,main_share_pct,98.11773845932035,98.11888720655446,0.0011487472341116245,0.0011487472341116245
2011,45-54,other_share_pct,1.882261540679644,1.881112793445529,-0.0011487472341149552,0.0011487472341149552
2012,45-54,mean_total_hours,40.615563310280216,40.61503035107358,-5.329592066374289e-4,5.329592066374289e-4
2012,45-54,mean_main_hours,39.86671394525388,39.866513523598705,-2.0042165517253352e-4,2.0042165517253352e-4
2012,45-54,mean_other_hours,0.7488493650263457,0.7485168274748834,-3.325375514623419e-4,3.325375514623419e-4
2012,45-54,main_share_pct,98.15625020560334,98.15704476642084,7.945608174964036e-4,7.945608174964036e-4
2012,45-54,other_share_pct,1.843749794396682,1.8429552335791812,-7.945608175008445e-4,7.945608175008445e-4
2013,45-54,mean_total_hours,40.70164371523736,40.70164371523736,0,0
2013,45-54,mean_main_hours,39.956102057704676,39.956102057704676,0,0
2013,45-54,mean_other_hours,0.7455416575326663,0.7455416575326663,0,0
2013,45-54,main_share_pct,98.1682762918649,98.1682762918649,0,0
2013,45-54,other_share_pct,1.83172370813506,1.83172370813506,0,0
2014,45-54,mean_total_hours,40.759946413990654,40.7571813204584,-0.0027650935322540704,0.0027650935322540704
2014,45-54,mean_main_hours,40.0173325813831,40.01632694250305,-0.0010056388800521177,0.0010056388800521177
2014,45-54,mean_other_hours,0.742613832607543,0.7408543779553333,-0.0017594546522097243,0.0017594546522097243
2014,45-54,main_share_pct,98.1780794678556,98.18227278248148,0.004193314625879907,0.004193314625879907
2014,45-54,other_share_pct,1.8219205321443808,1.8177272175184875,-0.00419331462589323,0.00419331462589323
2015,45-54,mean_total_hours,40.712016812774046,40.70862868795049,-0.003388124823558769,0.003388124823558769
2015,45-54,mean_main_hours,39.964795716207625,39.963555530652,-0.001240185555623441,0.001240185555623441
2015,45-54,mean_other_hours,0.7472210965664068,0.7450731572984706,-0.0021479392679362164,0.0021479392679362164
2015,45-54,main_share_pct,98.16461783261013,98.16974144963271,0.005123617022576354,0.005123617022576354
2015,45-54,other_share_pct,1.8353821673898363,1.8302585503672535,-0.005123617022582794,0.005123617022582794
2016,45-54,mean_total_hours,40.86560205675868,40.86349951993509,-0.0021025368235925157,0.0021025368235925157
2016,45-54,mean_main_hours,40.093014561502756,40.09223358356302,-7.809779397334182e-4,7.809779397334182e-4
2016,45-54,mean_other_hours,0.7725874952559296,0.7712659363720611,-0.0013215588838685344,0.0013215588838685344
2016,45-54,main_share_pct,98.10944301228483,98.11257981956291,0.0031368072780821876,0.0031368072780821876
2016,45-54,other_share_pct,1.89055698771518,1.8874201804370725,-0.0031368072781075007,0.0031368072781075007
2017,45-54,mean_total_hours,40.810567799220415,40.81015564226026,-4.1215696015228787e-4,4.1215696015228787e-4
2017,45-54,mean_main_hours,40.02139920934108,40.0212561333905,-1.4307595057516664e-4,1.4307595057516664e-4
2017,45-54,mean_other_hours,0.7891685898793516,0.7888995088697679,-2.6908100958367154e-4,2.6908100958367154e-4
2017,45-54,main_share_pct,98.06626412609134,98.06690394473078,6.398186394420691e-4,6.398186394420691e-4
2017,45-54,other_share_pct,1.9337358739086856,1.9330960552692342,-6.398186394513949e-4,6.398186394513949e-4
2018,45-54,mean_total_hours,40.997782410998425,40.99424606295562,-0.0035363480428074467,0.0035363480428074467
2018,45-54,mean_main_hours,40.19891587448082,40.19758522177208,-0.0013306527087380005,0.0013306527087380005
2018,45-54,mean_other_hours,0.7988665365175942,0.7966608411835232,-0.0022056953340710006,0.0022056953340710006
2018,45-54,main_share_pct,98.05143964005406,98.05665204828968,0.005212408235621524,0.005212408235621524
2018,45-54,other_share_pct,1.9485603599459156,1.9433479517102874,-0.005212408235628185,0.005212408235628185
2019,45-54,mean_total_hours,41.12118736719643,41.1152034848634,-0.005983882333026713,0.005983882333026713
2019,45-54,mean_main_hours,40.28818811219921,40.286019101549265,-0.002169010649943459,0.002169010649943459
2019,45-54,mean_other_hours,0.8329992549972042,0.8291843833141189,-0.0038148716830852525,0.0038148716830852525
2019,45-54,main_share_pct,97.97428209560475,97.98326576780921,0.008983672204465165,0.008983672204465165
2019,45-54,other_share_pct,2.025717904395222,2.016734232190737,-0.00898367220448515,0.00898367220448515
2020,45-54,mean_total_hours,40.25715834183663,40.252652860248496,-0.004505481588132909,0.004505481588132909
2020,45-54,mean_main_hours,39.50665575705412,39.50502014201041,-0.0016356150437104588,0.0016356150437104588
2020,45-54,mean_other_hours,0.7505025847825278,0.7476327182381081,-0.0028698665444197857,0.0028698665444197857
2020,45-54,main_share_pct,98.13572885992163,98.14264982525808,0.006920965336448148,0.006920965336448148
2020,45-54,other_share_pct,1.8642711400784084,1.85735017474198,-0.006920965336428386,0.006920965336428386
2021,45-54,mean_total_hours,40.84811718370628,40.84721859944179,-8.985842644904096e-4,8.985842644904096e-4
2021,45-54,mean_main_hours,40.0690481548694,40.06871143579626,-3.367190731395908e-4,3.367190731395908e-4
2021,45-54,mean_other_hours,0.7790690288368955,0.7785071636455434,-5.618651913521511e-4,5.618651913521511e-4
2021,45-54,main_share_pct,98.09276636831713,98.09409994036615,0.001333572049020404,0.001333572049020404
2021,45-54,other_share_pct,1.9072336316829184,1.9059000596338826,-0.001333572049035725,0.001333572049035725
2022,45-54,mean_total_hours,40.78615295217614,40.780158066563516,-0.005994885612622625,0.005994885612622625
2022,45-54,mean_main_hours,40.01447363340019,40.01226996821409,-0.002203665186101489,0.002203665186101489
2022,45-54,mean_other_hours,0.7716793187759257,0.7678880983494016,-0.0037912204265240224,0.0037912204265240224
2022,45-54,main_share_pct,98.1079869933289,98.11700558615776,0.00901859282886619,0.00901859282886619
2022,45-54,other_share_pct,1.8920130066710614,1.8829944138421788,-0.009018592828882621,0.009018592828882621
2023,45-54,mean_total_hours,40.57375663154591,40.56711630792144,-0.006640323624473865,0.006640323624473865
2023,45-54,mean_main_hours,39.76222677605401,39.75984830379762,-0.002378472256388875,0.002378472256388875
2023,45-54,mean_other_hours,0.8115298554919222,0.8072680041238358,-0.004261851368086433,0.004261851368086433
2023,45-54,main_share_pct,97.99986512744806,98.01004341053893,0.010178283090866103,0.010178283090866103
2023,45-54,other_share_pct,2.0001348725519823,1.9899565894611115,-0.010178283090870766,0.010178283090870766
2024,45-54,mean_total_hours,40.40654251239907,40.40164614203271,-0.004896370366360259,0.004896370366360259
2024,45-54,mean_main_hours,39.573840260672966,39.571992095620196,-0.0018481650527704119,0.0018481650527704119
2024,45-54,mean_other_hours,0.8327022517261055,0.8296540464125204,-0.003048205313585073,0.003048205313585073
2024,45-54,main_share_pct,97.93918954716162,97.94648454794181,0.007295000780189298,0.007295000780189298
2024,45-54,other_share_pct,2.060810452838384,2.0535154520582073,-0.0072950007801768635,0.0072950007801768635
2000,55-64,mean_total_hours,39.74548022852459,39.737326070848255,-0.008154157676337093,0.008154157676337093
2000,55-64,mean_main_hours,38.98480591421097,38.981717885386274,-0.0030880288246990517,0.0030880288246990517
2000,55-64,mean_other_hours,0.7606743143136298,0.7556081854619976,-0.005066128851632157,0.005066128851632157
2000,55-64,main_share_pct,98.08613631049376,98.09849262601415,0.012356315520392513,0.012356315520392513
2000,55-64,other_share_pct,1.91386368950628,1.9015073739858912,-0.012356315520388739,0.012356315520388739
2001,55-64,mean_total_hours,39.39265471071457,39.39265471071457,0,0
2001,55-64,mean_main_hours,38.65357362644423,38.65357362644423,0,0
2001,55-64,mean_other_hours,0.7390810842703428,0.7390810842703428,0,0
2001,55-64,main_share_pct,98.1238099089846,98.1238099089846,0,0
2001,55-64,other_share_pct,1.8761900910154123,1.8761900910154123,0,0
2002,55-64,mean_total_hours,39.5108123909008,39.5108123909008,0,0
2002,55-64,mean_main_hours,38.769800330466076,38.769800330466076,0,0
2002,55-64,mean_other_hours,0.7410120604347235,0.7410120604347235,0,0
2002,55-64,main_share_pct,98.12453347427152,98.12453347427152,0,0
2002,55-64,other_share_pct,1.875466525728476,1.875466525728476,0,0
2003,55-64,mean_total_hours,39.300523523178576,39.30011858543398,-4.04937744598044e-4,4.04937744598044e-4
2003,55-64,mean_main_hours,38.56260342371333,38.56244941276044,-1.5401095289035993e-4,1.5401095289035993e-4
2003,55-64,mean_other_hours,0.7379200994652664,0.7376691726735508,-2.5092679171556664e-4,2.5092679171556664e-4
2003,55-64,main_share_pct,98.12236572617145,98.12298486817558,6.191420041261608e-4,6.191420041261608e-4
2003,55-64,other_share_pct,1.8776342738285852,1.8770151318244552,-6.191420041299356e-4,6.191420041299356e-4
2004,55-64,mean_total_hours,39.30656941561691,39.30302898465084,-0.003540430966076258,0.003540430966076258
2004,55-64,mean_main_hours,38.57172067328481,38.570408377443826,-0.0013122958409823582,0.0013122958409823582
2004,55-64,mean_other_hours,0.7348487423321203,0.7326206072070202,-0.002228135125100117,0.002228135125100117
2004,55-64,main_share_pct,98.13046838414715,98.13596909415526,0.005500710008107035,0.005500710008107035
2004,55-64,other_share_pct,1.8695316158528887,1.8640309058447715,-0.005500710008117249,0.005500710008117249
2005,55-64,mean_total_hours,39.48975489740312,39.487337043145516,-0.002417854257600993,0.002417854257600993
2005,55-64,mean_main_hours,38.755951137532335,38.75521626188521,-7.348756471259321e-4,7.348756471259321e-4
2005,55-64,mean_other_hours,0.7338037598707772,0.7321207812603056,-0.0016829786104716193,0.0016829786104716193
2005,55-64,main_share_pct,98.14178699822966,98.14593528943124,0.004148291201573784,0.004148291201573784
2005,55-64,other_share_pct,1.8582130017703218,1.8540647105687573,-0.004148291201564458,0.004148291201564458
2006,55-64,mean_total_hours,39.52994493245652,39.526813330228904,-0.0031316022276186573,0.0031316022276186573
2006,55-64,mean_main_hours,38.76000313260809,38.758663068801255,-0.0013400638068361559,0.0013400638068361559
2006,55-64,mean_other_hours,0.7699417998484266,0.7681502614276442,-0.0017915384207823903,0.0017915384207823903
2006,55-64,main_share_pct,98.05225683677524,98.0566349859522,0.004378149176957891,0.004378149176957891
2006,55-64,other_share_pct,1.9477431632247402,1.9433650140477838,-0.004378149176956336,0.004378149176956336
2007,55-64,mean_total_hours,39.56388724920423,39.56282993482316,-0.0010573143810717056,0.0010573143810717056
2007,55-64,mean_main_hours,38.78839619021501,38.78799748418239,-3.9870603261960014e-4,3.9870603261960014e-4
2007,55-64,mean_other_hours,0.775491058989234,0.7748324506407804,-6.586083484535488e-4,6.586083484535488e-4
2007,55-64,main_share_pct,98.03990175660807,98.04151408805376,0.0016123314456848448,0.0016123314456848448
2007,55-64,other_share_pct,1.9600982433919758,1.9584859119462885,-0.0016123314456872873,0.0016123314456872873
2008,55-64,mean_total_hours,39.33416489963264,39.33214594373763,-0.0020189558950107767,0.0020189558950107767
2008,55-64,mean_main_hours,38.581933348418495,38.58115410659323,-7.792418252634548e-4,7.792418252634548e-4
2008,55-64,mean_other_hours,0.7522315512141342,0.7509918371443863,-0.001239714069747877,0.001239714069747877
2008,55-64,main_share_pct,98.08758733499597,98.09064107964349,0.0030537446475165098,0.0030537446475165098
2008,55-64,other_share_pct,1.9124126650040045,1.9093589203564865,-0.003053744647518064,0.003053744647518064
2009,55-64,mean_total_hours,38.61191563248829,38.608542274746746,-0.0033733577415446803,0.0033733577415446803
2009,55-64,mean_main_hours,37.92652024564461,37.9252753498325,-0.0012448958121069609,0.0012448958121069609
2009,55-64,mean_other_hours,0.6853953868436578,0.6832669249142127,-0.002128461929445047,0.002128461929445047
2009,55-64,main_share_pct,98.2249122437557,98.23027007844024,0.005357834684545537,0.005357834684545537
2009,55-64,other_share_pct,1.7750877562442464,1.7697299215596831,-0.005357834684563301,0.005357834684563301
2010,55-64,mean_total_hours,38.84580279139159,38.8442698364621,-0.0015329549294946787,0.0015329549294946787
2010,55-64,mean_main_hours,38.186566542008926,38.1861050092531,-4.615327558283866e-4,4.615327558283866e-4
2010,55-64,mean_other_hours,0.6592362493826694,0.6581648272090053,-0.0010714221736641827,0.0010714221736641827
2010,55-64,main_share_pct,98.30294085329406,98.30563213060785,0.0026912773137865997,0.0026912773137865997
2010,55-64,other_share_pct,1.6970591467059581,1.6943678693921624,-0.0026912773137957036,0.0026912773137957036
2011,55-64,mean_total_hours,38.966461639924866,38.96415515293187,-0.002306486992992518,0.002306486992992518
2011,55-64,mean_main_hours,38.26557866897845,38.2647489793541,-8.296896243464857e-4,8.296896243464857e-4
2011,55-64,mean_other_hours,0.7008829709464544,0.6994061735778034,-0.0014767973686509173,0.0014767973686509173
2011,55-64,main_share_pct,98.20131738564558,98.20500105588677,0.003683670241187542,0.003683670241187542
2011,55-64,other_share_pct,1.798682614354527,1.7949989441133214,-0.0036836702412055278,0.0036836702412055278
2012,55-64,mean_total_hours,39.2871133231163,39.2871133231163,0,0
2012,55-64,mean_main_hours,38.5855949583706,38.5855949583706,0,0
2012,55-64,mean_other_hours,0.7015183647456977,0.7015183647456977,0,0
2012,55-64,main_share_pct,98.21438047897264,98.21438047897264,0,0
2012,55-64,other_share_pct,1.7856195210273405,1.7856195210273405,0,0
2013,55-64,mean_total_hours,39.435453930234054,39.435453930234054,0,0
2013,55-64,mean_main_hours,38.76329519852805,38.76329519852805,0,0
2013,55-64,mean_other_hours,0.6721587317060058,0.6721587317060058,0,0
2013,55-64,main_share_pct,98.29554711632042,98.29554711632042,0,0
2013,55-64,other_share_pct,1.7044528836795783,1.7044528836795783,0,0
2014,55-64,mean_total_hours,39.35480107575203,39.35274494976042,-0.002056125991607871,0.002056125991607871
2014,55-64,mean_main_hours,38.65416244063208,38.653430872824025,-7.315678080530574e-4,7.315678080530574e-4
2014,55-64,mean_other_hours,0.7006386351199476,0.6993140769363907,-0.0013245581835569231,0.0013245581835569231
2014,55-64,main_share_pct,98.21968701157623,98.22295985240883,0.003272840832607926,0.003272840832607926
2014,55-64,other_share_pct,1.7803129884237618,1.7770401475911484,-0.0032728408326134772,0.0032728408326134772
2015,55-64,mean_total_hours,39.34680714232684,39.34367449633169,-0.003132645995151506,0.003132645995151506
2015,55-64,mean_main_hours,38.66040129532986,38.6592381597178,-0.0011631356120602732,0.0011631356120602732
2015,55-64,mean_other_hours,0.6864058469969733,0.6844363366138843,-0.0019695103830890126,0.0019695103830890126
2015,55-64,main_share_pct,98.25549797594991,98.2603649878262,0.004867011876285687,0.004867011876285687
2015,55-64,other_share_pct,1.7445020240500804,1.7396350121738111,-0.004867011876269256,0.004867011876269256
2016,55-64,mean_total_hours,39.50742304001639,39.50742304001639,0,0
2016,55-64,mean_main_hours,38.8382564983645,38.8382564983645,0,0
2016,55-64,mean_other_hours,0.6691665416519041,0.6691665416519041,0,0
2016,55-64,main_share_pct,98.3062257921148,98.3062257921148,0,0
2016,55-64,other_share_pct,1.693774207885229,1.693774207885229,0,0
2017,55-64,mean_total_hours,39.569708454370925,39.56785404195895,-0.0018544124119728167,0.0018544124119728167
2017,55-64,mean_main_hours,38.87508191050058,38.87437430063671,-7.076098638734152e-4,7.076098638734152e-4
2017,55-64,mean_other_hours,0.6946265438703569,0.6934797413222583,-0.0011468025480986244,0.0011468025480986244
2017,55-64,main_share_pct,98.24454975534799,98.24736580208051,0.0028160467325193395,0.0028160467325193395
2017,55-64,other_share_pct,1.7554502446520492,1.7526341979195317,-0.002816046732517563,0.002816046732517563
2018,55-64,mean_total_hours,39.74281833052419,39.74153662257808,-0.0012817079461058256,0.0012817079461058256
2018,55-64,mean_main_hours,39.06542419985988,39.06502699955534,-3.972003045404904e-4,3.972003045404904e-4
2018,55-64,mean_other_hours,0.6773941306643054,0.6765096230227375,-8.845076415678887e-4,8.845076415678887e-4
2018,55-64,main_share_pct,98.29555587872329,98.2977265588709,0.0021706801476142346,0.0021706801476142346
2018,55-64,other_share_pct,1.704444121276718,1.7022734411290903,-0.0021706801476277793,0.0021706801476277793
2019,55-64,mean_total_hours,39.94672341100127,39.94427043099986,-0.0024529800014150283,0.0024529800014150283
2019,55-64,mean_main_hours,39.227666856636766,39.226771163119366,-8.956935173998204e-4,8.956935173998204e-4
2019,55-64,mean_other_hours,0.7190565543644968,0.7174992678804768,-0.0015572864840199818,0.0015572864840199818
2019,55-64,main_share_pct,98.19996111579334,98.20374922325867,0.003788107465325652,0.003788107465325652
2019,55-64,other_share_pct,1.8000388842066322,1.796250776741291,-0.003788107465341195,0.003788107465341195
2020,55-64,mean_total_hours,39.14193071870834,39.14193071870834,0,0
2020,55-64,mean_main_hours,38.517104817466034,38.517104817466034,0,0
2020,55-64,mean_other_hours,0.6248259012423105,0.6248259012423105,0,0
2020,55-64,main_share_pct,98.40369166832217,98.40369166832217,0,0
2020,55-64,other_share_pct,1.5963083316778437,1.5963083316778437,0,0
2021,55-64,mean_total_hours,39.584207902860236,39.58379273650418,-4.151663560563179e-4,4.151663560563179e-4
2021,55-64,mean_main_hours,38.895709749154285,38.895553994816595,-1.5575433769043912e-4,1.5575433769043912e-4
2021,55-64,mean_other_hours,0.6884981537059353,0.6882387416875685,-2.5941201836676697e-4,2.5941201836676697e-4
2021,55-64,main_share_pct,98.2606746725979,98.26131177911891,6.371065210117877e-4,6.371065210117877e-4
2021,55-64,other_share_pct,1.7393253274020586,1.7386882208810541,-6.371065210044602e-4,6.371065210044602e-4
2022,55-64,mean_total_hours,39.72534969635046,39.72534969635046,0,0
2022,55-64,mean_main_hours,38.979525990057624,38.979525990057624,0,0
2022,55-64,mean_other_hours,0.7458237062928289,0.7458237062928289,0,0
2022,55-64,main_share_pct,98.1225496767336,98.1225496767336,0,0
2022,55-64,other_share_pct,1.877450323266373,1.877450323266373,0,0
2023,55-64,mean_total_hours,39.66723762485428,39.66532774854974,-0.001909876304537761,0.001909876304537761
2023,55-64,mean_main_hours,38.94867663088336,38.94795787023199,-7.187606513738842e-4,7.187606513738842e-4
2023,55-64,mean_other_hours,0.7185609939709243,0.7173698783177623,-0.0011911156531619893,0.0011911156531619893
2023,55-64,main_share_pct,98.18852777002881,98.19144346199438,0.002915691965569067,0.002915691965569067
2023,55-64,other_share_pct,1.8114722299712043,1.8085565380056416,-0.002915691965562628,0.002915691965562628
2024,55-64,mean_total_hours,39.3514584108454,39.34955901627415,-0.0018993945712537652,0.0018993945712537652
2024,55-64,mean_main_hours,38.62116431182562,38.62043964358719,-7.246682384334235e-4,7.246682384334235e-4
2024,55-64,mean_other_hours,0.7302940990197797,0.7291193726869515,-0.0011747263328282243,0.0011747263328282243
2024,55-64,main_share_pct,98.1441752643696,98.14707104497559,0.0028957806059963787,0.0028957806059963787
2024,55-64,other_share_pct,1.855824735630403,1.8529289550243833,-0.0028957806060196933,0.0028957806060196933
2000,65+,mean_total_hours,30.111099817834333,30.111099817834333,0,0
2000,65+,mean_main_hours,29.550652973569846,29.550652973569846,0,0
2000,65+,mean_other_hours,0.5604468442644877,0.5604468442644877,0,0
2000,65+,main_share_pct,98.13873671949855,98.13873671949855,0,0
2000,65+,other_share_pct,1.8612632805014442,1.8612632805014442,0,0
2001,65+,mean_total_hours,30.111582333931523,30.111582333931523,0,0
2001,65+,mean_main_hours,29.610196294684837,29.610196294684837,0,0
2001,65+,mean_other_hours,0.5013860392466878,0.5013860392466878,0,0
2001,65+,main_share_pct,98.33490637029163,98.33490637029163,0,0
2001,65+,other_share_pct,1.6650936297083803,1.6650936297083803,0,0
2002,65+,mean_total_hours,30.592225953057067,30.56164726932737,-0.030578683729697076,0.030578683729697076
2002,65+,mean_main_hours,30.156573774372667,30.143965750923506,-0.01260802344916101,0.01260802344916101
2002,65+,mean_other_hours,0.4356521786844022,0.417681518403863,-0.01797066028053923,0.01797066028053923
2002,65+,main_share_pct,98.57593828133692,98.6333147728491,0.057376491512187044,0.057376491512187044
2002,65+,other_share_pct,1.4240617186630962,1.3666852271508978,-0.05737649151219837,0.05737649151219837
2003,65+,mean_total_hours,31.059058784599856,31.050823929404235,-0.008234855195620838,0.008234855195620838
2003,65+,mean_main_hours,30.59053490762499,30.587152080965193,-0.0033828266597950574,0.0033828266597950574
2003,65+,mean_other_hours,0.4685238769748741,0.463671848439046,-0.004852028535828057,0.004852028535828057
2003,65+,main_share_pct,98.4915065191635,98.50673254438199,0.01522602521849592,0.01522602521849592
2003,65+,other_share_pct,1.508493480836529,1.4932674556180203,-0.015226025218508576,0.015226025218508576
2004,65+,mean_total_hours,30.814510013417575,30.804423778280665,-0.010086235136910204,0.010086235136910204
2004,65+,mean_main_hours,30.32440370088498,30.321007450418346,-0.003396250466632722,0.003396250466632722
2004,65+,mean_other_hours,0.49010631253259707,0.4834163278623168,-0.006689984670280258,0.006689984670280258
2004,65+,main_share_pct,98.40949503231046,98.43069186639627,0.02119683408581352,0.02119683408581352
2004,65+,other_share_pct,1.5905049676895393,1.5693081336037198,-0.021196834085819516,0.021196834085819516
2005,65+,mean_total_hours,31.09284137035112,31.09284137035112,0,0
2005,65+,mean_main_hours,30.59618749436497,30.59618749436497,0,0
2005,65+,mean_other_hours,0.4966538759861546,0.4966538759861546,0,0
2005,65+,main_share_pct,98.40267452539818,98.40267452539818,0,0
2005,65+,other_share_pct,1.5973254746018282,1.5973254746018282,0,0
2006,65+,mean_total_hours,31.645603143419663,31.645603143419663,0,0
2006,65+,mean_main_hours,31.18465364884456,31.18465364884456,0,0
2006,65+,mean_other_hours,0.46094949457511014,0.46094949457511014,0,0
2006,65+,main_share_pct,98.54340114016455,98.54340114016455,0,0
2006,65+,other_share_pct,1.4565988598354753,1.4565988598354753,0,0
2007,65+,mean_total_hours,31.84914622567451,31.839655256032085,-0.009490969642424574,0.009490969642424574
2007,65+,mean_main_hours,31.307969896206753,31.304097645223234,-0.0038722509835196206,0.0038722509835196206
2007,65+,mean_other_hours,0.5411763294677532,0.5355576108088494,-0.005618718658903732,0.005618718658903732
2007,65+,main_share_pct,98.30081369957887,98.31795411570171,0.01714041612284234,0.01714041612284234
2007,65+,other_share_pct,1.6991863004211254,1.6820458842982824,-0.017140416122843005,0.017140416122843005
2008,65+,mean_total_hours,31.775254780257356,31.775254780257356,0,0
2008,65+,mean_main_hours,31.265803063612577,31.265803063612577,0,0
2008,65+,mean_other_hours,0.5094517166447766,0.5094517166447766,0,0
2008,65+,main_share_pct,98.39670296849575,98.39670296849575,0,0
2008,65+,other_share_pct,1.603297031504244,1.603297031504244,0,0
2009,65+,mean_total_hours,31.21147564451669,31.21147564451669,0,0
2009,65+,mean_main_hours,30.736893468926116,30.736893468926116,0,0
2009,65+,mean_other_hours,0.4745821755905676,0.4745821755905676,0,0
2009,65+,main_share_pct,98.47946255090329,98.47946255090329,0,0
2009,65+,other_share_pct,1.520537449096686,1.520537449096686,0,0
2010,65+,mean_total_hours,31.941933889909606,31.941933889909606,0,0
2010,65+,mean_main_hours,31.511847102903992,31.511847102903992,0,0
2010,65+,mean_other_hours,0.43008678700561503,0.43008678700561503,0,0
2010,65+,main_share_pct,98.65353554206223,98.65353554206223,0,0
2010,65+,other_share_pct,1.3464644579377787,1.3464644579377787,0,0
2011,65+,mean_total_hours,32.200842184016366,32.200842184016366,0,0
2011,65+,mean_main_hours,31.68017373325656,31.68017373325656,0,0
2011,65+,mean_other_hours,0.5206684507598098,0.5206684507598098,0,0
2011,65+,main_share_pct,98.38305952439265,98.38305952439265,0,0
2011,65+,other_share_pct,1.6169404756073606,1.6169404756073606,0,0
2012,65+,mean_total_hours,32.299764008702525,32.299764008702525,0,0
2012,65+,mean_main_hours,31.77673314358793,31.77673314358793,0,0
2012,65+,mean_other_hours,0.5230308651145918,0.5230308651145918,0,0
2012,65+,main_share_pct,98.38069756493059,98.38069756493059,0,0
2012,65+,other_share_pct,1.619302435069407,1.619302435069407,0,0
2013,65+,mean_total_hours,32.603062492952404,32.60197299159391,-0.0010895013584928392,0.0010895013584928392
2013,65+,mean_main_hours,32.13658859489899,32.13614688925741,-4.417056415775278e-4,4.417056415775278e-4
2013,65+,mean_other_hours,0.46647389805341505,0.46582610233650656,-6.477957169084836e-4,6.477957169084836e-4
2013,65+,main_share_pct,98.56923288064044,98.57117205005781,0.0019391694173691576,0.0019391694173691576
2013,65+,other_share_pct,1.4307671193595686,1.428827949942217,-0.001939169417351616,0.001939169417351616
2014,65+,mean_total_hours,32.742337731682774,32.73792892261655,-0.004408809066227093,0.004408809066227093
2014,65+,mean_main_hours,32.27008859445953,32.2686466406643,-0.0014419537952292671,0.0014419537952292671
2014,65+,mean_other_hours,0.47224913722324124,0.46928228195223876,-0.0029668552710024887,0.0029668552710024887
2014,65+,main_share_pct,98.5576804530781,98.56654865657049,0.008868203492383486,0.008868203492383486
2014,65+,other_share_pct,1.4423195469218877,1.4334513434294909,-0.008868203492396809,0.008868203492396809
2015,65+,mean_total_hours,33.27582217874573,33.27582217874573,0,0
2015,65+,mean_main_hours,32.74771548678016,32.74771548678016,0,0
2015,65+,mean_other_hours,0.5281066919655685,0.5281066919655685,0,0
2015,65+,main_share_pct,98.41294171747651,98.41294171747651,0,0
2015,65+,other_share_pct,1.5870582825234778,1.5870582825234778,0,0
2016,65+,mean_total_hours,33.01978060187023,33.011110862286785,-0.008669739583446301,0.008669739583446301
2016,65+,mean_main_hours,32.481509792072984,32.47802417739301,-0.0034856146799739918,0.0034856146799739918
2016,65+,mean_other_hours,0.538270809797252,0.5330866848937759,-0.005184124903476084,0.005184124903476084
2016,65+,main_share_pct,98.36985346363338,98.38512951861067,0.01527605497729212,0.01527605497729212
2016,65+,other_share_pct,1.630146536366642,1.6148704813893295,-0.015276054977312548,0.015276054977312548
2017,65+,mean_total_hours,33.12227308460443,33.12227308460443,0,0
2017,65+,mean_main_hours,32.590993865059566,32.590993865059566,0,0
2017,65+,mean_other_hours,0.5312792195448535,0.5312792195448535,0,0
2017,65+,main_share_pct,98.39600616120816,98.39600616120816,0,0
2017,65+,other_share_pct,1.6039938387918111,1.6039938387918111,0,0
2018,65+,mean_total_hours,33.26442442708929,33.26442442708929,0,0
2018,65+,mean_main_hours,32.724433393417115,32.724433393417115,0,0
2018,65+,mean_other_hours,0.5399910336721864,0.5399910336721864,0,0
2018,65+,main_share_pct,98.37667104429913,98.37667104429913,0,0
2018,65+,other_share_pct,1.6233289557009083,1.6233289557009083,0,0
2019,65+,mean_total_hours,33.38898517864924,33.38898517864924,0,0
2019,65+,mean_main_hours,32.8197586006908,32.8197586006908,0,0
2019,65+,mean_other_hours,0.5692265779584508,0.5692265779584508,0,0
2019,65+,main_share_pct,98.29516657989821,98.29516657989821,0,0
2019,65+,other_share_pct,1.7048334201018054,1.7048334201018054,0,0
2020,65+,mean_total_hours,33.43732410365888,33.43732410365888,0,0
2020,65+,mean_main_hours,32.887627674699395,32.887627674699395,0,0
2020,65+,mean_other_hours,0.5496964289594826,0.5496964289594826,0,0
2020,65+,main_share_pct,98.35603941495027,98.35603941495027,0,0
2020,65+,other_share_pct,1.643960585049723,1.643960585049723,0,0
2021,65+,mean_total_hours,33.99870103102572,33.99729119153884,-0.0014098394868753417,0.0014098394868753417
2021,65+,mean_main_hours,33.48374000892996,33.48317687800641,-5.63130923552535e-4,5.63130923552535e-4
2021,65+,mean_other_hours,0.5149610220957714,0.5141143135324439,-8.467085633275806e-4,8.467085633275806e-4
2021,65+,main_share_pct,98.48535089141839,98.48777859790081,0.002427706482421854,0.002427706482421854
2021,65+,other_share_pct,1.5146491085816505,1.5122214020992217,-0.0024277064824287375,0.0024277064824287375
2022,65+,mean_total_hours,33.489500731988265,33.489500731988265,0,0
2022,65+,mean_main_hours,32.95918722471932,32.95918722471932,0,0
2022,65+,mean_other_hours,0.5303135072689331,0.5303135072689331,0,0
2022,65+,main_share_pct,98.41647831207467,98.41647831207467,0,0
2022,65+,other_share_pct,1.5835216879252905,1.5835216879252905,0,0
2023,65+,mean_total_hours,33.15762735339656,33.15762735339656,0,0
2023,65+,mean_main_hours,32.61197951354485,32.61197951354485,0,0
2023,65+,mean_other_hours,0.5456478398517053,0.5456478398517053,0,0
2023,65+,main_share_pct,98.35438213344956,98.35438213344956,0,0
2023,65+,other_share_pct,1.6456178665504269,1.6456178665504269,0,0
2024,65+,mean_total_hours,32.97224164355617,32.97224164355617,0,0
2024,65+,mean_main_hours,32.366124095404494,32.366124095404494,0,0
2024,65+,mean_other_hours,0.6061175481516818,0.6061175481516818,0,0
2024,65+,main_share_pct,98.16173387692575,98.16173387692575,0,0
2024,65+,other_share_pct,1.8382661230742758,1.8382661230742758,0,0
