YEAR,MONTH,sample_rows
2000,1,124171
2000,2,122564
2000,3,121194
2000,4,122668
2000,5,122529
2000,6,122176
2000,7,121778
2000,8,121745
2000,9,121658
2000,10,122317
2000,11,121283
2000,12,120779
2001,1,120191
2001,2,118784
2001,3,116663
2001,4,140268
2001,5,118323
2001,6,140743
2001,7,142178
2001,8,142880
2001,9,143300
2001,10,143307
2001,11,142501
2001,12,141887
2002,1,141834
2002,2,140775
2002,3,139660
2002,4,141637
2002,5,141984
2002,6,142326
2002,7,142982
2002,8,142935
2002,9,143569
2002,10,143857
2002,11,143633
2002,12,143251
2003,1,142595
2003,2,141705
2003,3,141288
2003,4,142288
2003,5,142094
2003,6,140682
2003,7,140102
2003,8,139843
2003,9,140887
2003,10,140058
2003,11,139781
2003,12,139364
2004,1,139398
2004,2,140121
2004,3,138350
2004,4,138350
2004,5,138381
2004,6,137264
2004,7,136061
2004,8,137605
2004,9,138050
2004,10,139233
2004,11,140277
2004,12,138903
2005,1,139750
2005,2,138397
2005,3,136315
2005,4,137698
2005,5,137860
2005,6,137503
2005,7,137677
2005,8,137442
2005,9,136466
2005,10,137809
2005,11,137349
2005,12,136174
2006,1,136648
2006,2,136294
2006,3,135028
2006,4,136405
2006,5,136109
2006,6,135953
2006,7,136549
2006,8,137419
2006,9,136312
2006,10,136149
2006,11,136046
2006,12,135275
2007,1,134094
2007,2,134113
2007,3,133817
2007,4,135931
2007,5,136724
2007,6,135897
2007,7,135156
2007,8,134836
2007,9,134647
2007,10,133962
2007,11,134285
2007,12,133672
2008,1,134163
2008,2,134297
2008,3,133155
2008,4,134666
2008,5,134826
2008,6,134908
2008,7,134692
2008,8,134617
2008,9,133585
2008,10,133482
2008,11,132812
2008,12,131026
2009,1,133950
2009,2,134735
2009,3,134650
2009,4,136574
2009,5,136313
2009,6,136015
2009,7,135552
2009,8,135462
2009,9,134864
2009,10,134675
2009,11,135309
2009,12,134357
2010,1,135298
2010,2,136231
2010,3,135478
2010,4,137208
2010,5,136572
2010,6,135840
2010,7,135788
2010,8,135719
2010,9,134912
2010,10,134982
2010,11,134179
2010,12,134384
2011,1,134090
2011,2,133221
2011,3,132275
2011,4,133630
2011,5,134703
2011,6,133683
2011,7,133923
2011,8,134174
2011,9,134446
2011,10,135016
2011,11,133466
2011,12,132772
2012,1,132407
2012,2,132204
2012,3,131372
2012,4,132915
2012,5,132892
2012,6,133252
2012,7,133433
2012,8,133256
2012,9,132939
2012,10,132747
2012,11,133427
2012,12,132664
2013,1,133231
2013,2,131668
2013,3,130534
2013,4,132635
2013,5,133368
2013,6,131792
2013,7,131128
2013,8,131574
2013,9,131302
2013,10,131911
2013,11,131101
2013,12,131213
2014,1,131554
2014,2,130953
2014,3,129727
2014,4,130371
2014,5,131950
2014,6,131660
2014,7,132124
2014,8,132925
2014,9,133324
2014,10,135389
2014,11,135312
2014,12,132903
2015,1,133593
2015,2,131382
2015,3,129811
2015,4,132112
2015,5,131416
2015,6,129274
2015,7,128711
2015,8,129942
2015,9,129776
2015,10,130693
2015,11,130688
2015,12,129508
2016,1,130198
2016,2,129221
2016,3,126628
2016,4,128470
2016,5,129132
2016,6,128861
2016,7,129526
2016,8,131759
2016,9,132699
2016,10,131900
2016,11,131389
2016,12,129077
2017,1,129198
2017,2,128970
2017,3,127265
2017,4,128353
2017,5,126840
2017,6,126205
2017,7,125831
2017,8,127424
2017,9,128044
2017,10,128105
2017,11,127907
2017,12,126065
2018,1,125473
2018,2,124335
2018,3,122956
2018,4,124683
2018,5,123743
2018,6,123011
2018,7,121898
2018,8,122651
2018,9,124036
2018,10,123641
2018,11,122744
2018,12,120993
2019,1,120811
2019,2,119409
2019,3,118108
2019,4,119897
2019,5,117973
2019,6,118231
2019,7,117196
2019,8,119122
2019,9,118557
2019,10,118730
2019,11,118097
2019,12,117932
2020,1,117239
2020,2,117870
2020,3,104878
2020,4,101605
2020,5,97758
2020,6,93543
2020,7,95604
2020,8,99702
2020,9,111132
2020,10,113720
2020,11,112037
2020,12,108387
2021,1,110669
2021,2,109435
2021,3,107334
2021,4,111003
2021,5,109674
2021,6,105897
2021,7,105845
2021,8,106429
2021,9,103858
2021,10,105496
2021,11,102413
2021,12,102025
2022,1,102656
2022,2,103044
2022,3,100535
2022,4,103832
2022,5,105630
2022,6,102416
2022,7,101165
2022,8,102749
2022,9,101637
2022,10,100839
2022,11,99737
2022,12,98663
2023,1,99337
2023,2,97332
2023,3,96346
2023,4,99873
2023,5,100656
2023,6,100090
2023,7,100290
2023,8,101315
2023,9,99580
2023,10,101561
2023,11,99634
2023,12,99074
2024,1,99135
2024,2,99250
2024,3,95311
2024,4,99245
2024,5,99781
2024,6,98697
2024,7,99138
2024,8,100288
2024,9,99421
2024,10,99045
2024,11,99063
2024,12,98982
