"Code","GeoFips","GeoName","TimePeriod","CL_UNIT","UNIT_MULT","DataValue","NoteRef"
"SARPI-2","00000","United States","2024","Constant 2017 dollars","0","59195","2"
"SARPI-2","01000","Alabama","2024","Constant 2017 dollars","0","52216","2"
"SARPI-2","02000","Alaska","2024","Constant 2017 dollars","0","60272","2"
"SARPI-2","04000","Arizona","2024","Constant 2017 dollars","0","52890","2"
"SARPI-2","05000","Arkansas","2024","Constant 2017 dollars","0","55219","2"
"SARPI-2","06000","California","2024","Constant 2017 dollars","0","63028","2"
"SARPI-2","08000","Colorado","2024","Constant 2017 dollars","0","65223","2"
"SARPI-2","09000","Connecticut","2024","Constant 2017 dollars","0","74254","2"
"SARPI-2","10000","Delaware","2024","Constant 2017 dollars","0","55185","2"
"SARPI-2","11000","District of Columbia","2024","Constant 2017 dollars","0","81872","2"
"SARPI-2","12000","Florida","2024","Constant 2017 dollars","0","57131","2"
"SARPI-2","13000","Georgia","2024","Constant 2017 dollars","0","52952","2"
"SARPI-2","15000","Hawaii","2024","Constant 2017 dollars","0","52272","2"
"SARPI-2","16000","Idaho","2024","Constant 2017 dollars","0","52816","2"
"SARPI-2","17000","Illinois","2024","Constant 2017 dollars","0","60333","2"
"SARPI-2","18000","Indiana","2024","Constant 2017 dollars","0","55562","2"
"SARPI-2","19000","Iowa","2024","Constant 2017 dollars","0","60144","2"
"SARPI-2","20000","Kansas","2024","Constant 2017 dollars","0","59172","2"
"SARPI-2","21000","Kentucky","2024","Constant 2017 dollars","0","52290","2"
"SARPI-2","22000","Louisiana","2024","Constant 2017 dollars","0","56789","2"
"SARPI-2","23000","Maine","2024","Constant 2017 dollars","0","57480","2"
"SARPI-2","24000","Maryland","2024","Constant 2017 dollars","0","61111","2"
"SARPI-2","25000","Massachusetts","2024","Constant 2017 dollars","0","71629","2"
"SARPI-2","26000","Michigan","2024","Constant 2017 dollars","0","53569","2"
"SARPI-2","27000","Minnesota","2024","Constant 2017 dollars","0","62039","2"
"SARPI-2","28000","Mississippi","2024","Constant 2017 dollars","0","48465","2"
"SARPI-2","29000","Missouri","2024","Constant 2017 dollars","0","57850","2"
"SARPI-2","30000","Montana","2024","Constant 2017 dollars","0","59203","2"
"SARPI-2","31000","Nebraska","2024","Constant 2017 dollars","0","65297","2"
"SARPI-2","32000","Nevada","2024","Constant 2017 dollars","0","56503","2"
"SARPI-2","33000","New Hampshire","2024","Constant 2017 dollars","0","64632","2"
"SARPI-2","34000","New Jersey","2024","Constant 2017 dollars","0","63142","2"
"SARPI-2","35000","New Mexico","2024","Constant 2017 dollars","0","51121","2"
"SARPI-2","36000","New York","2024","Constant 2017 dollars","0","64153","2"
"SARPI-2","37000","North Carolina","2024","Constant 2017 dollars","0","56310","2"
"SARPI-2","38000","North Dakota","2024","Constant 2017 dollars","0","65271","2"
"SARPI-2","39000","Ohio","2024","Constant 2017 dollars","0","56232","2"
"SARPI-2","40000","Oklahoma","2024","Constant 2017 dollars","0","58692","2"
"SARPI-2","41000","Oregon","2024","Constant 2017 dollars","0","55451","2"
"SARPI-2","42000","Pennsylvania","2024","Constant 2017 dollars","0","58620","2"
"SARPI-2","44000","Rhode Island","2024","Constant 2017 dollars","0","55878","2"
"SARPI-2","45000","South Carolina","2024","Constant 2017 dollars","0","52463","2"
"SARPI-2","46000","South Dakota","2024","Constant 2017 dollars","0","69153","2"
"SARPI-2","47000","Tennessee","2024","Constant 2017 dollars","0","58582","2"
"SARPI-2","48000","Texas","2024","Constant 2017 dollars","0","58219","2"
"SARPI-2","49000","Utah","2024","Constant 2017 dollars","0","55116","2"
"SARPI-2","50000","Vermont","2024","Constant 2017 dollars","0","58893","2"
"SARPI-2","51000","Virginia","2024","Constant 2017 dollars","0","61914","2"
"SARPI-2","53000","Washington","2024","Constant 2017 dollars","0","64421","2"
"SARPI-2","54000","West Virginia","2024","Constant 2017 dollars","0","50051","2"
"SARPI-2","55000","Wisconsin","2024","Constant 2017 dollars","0","58273","2"
"SARPI-2","56000","Wyoming","2024","Constant 2017 dollars","0","75501","2"
