"Code","GeoFips","GeoName","TimePeriod","CL_UNIT","UNIT_MULT","DataValue"
"SARPP-1","00000","United States","2024","Index","0","100.000"
"SARPP-1","01000","Alabama","2024","Index","0","88.823"
"SARPP-1","02000","Alaska","2024","Index","0","102.359"
"SARPP-1","04000","Arizona","2024","Index","0","100.677"
"SARPP-1","05000","Arkansas","2024","Index","0","86.937"
"SARPP-1","06000","California","2024","Index","0","110.720"
"SARPP-1","08000","Colorado","2024","Index","0","103.052"
"SARPP-1","09000","Connecticut","2024","Index","0","103.610"
"SARPP-1","10000","Delaware","2024","Index","0","99.808"
"SARPP-1","11000","District of Columbia","2024","Index","0","109.901"
"SARPP-1","12000","Florida","2024","Index","0","103.414"
"SARPP-1","13000","Georgia","2024","Index","0","96.293"
"SARPP-1","15000","Hawaii","2024","Index","0","109.951"
"SARPP-1","16000","Idaho","2024","Index","0","95.494"
"SARPP-1","17000","Illinois","2024","Index","0","99.958"
"SARPP-1","18000","Indiana","2024","Index","0","93.329"
"SARPP-1","19000","Iowa","2024","Index","0","87.762"
"SARPP-1","20000","Kansas","2024","Index","0","90.068"
"SARPP-1","21000","Kentucky","2024","Index","0","90.159"
"SARPP-1","22000","Louisiana","2024","Index","0","88.207"
"SARPP-1","23000","Maine","2024","Index","0","97.050"
"SARPP-1","24000","Maryland","2024","Index","0","104.959"
"SARPP-1","25000","Massachusetts","2024","Index","0","105.757"
"SARPP-1","26000","Michigan","2024","Index","0","96.217"
"SARPP-1","27000","Minnesota","2024","Index","0","98.621"
"SARPP-1","28000","Mississippi","2024","Index","0","86.953"
"SARPP-1","29000","Missouri","2024","Index","0","90.817"
"SARPP-1","30000","Montana","2024","Index","0","94.645"
"SARPP-1","31000","Nebraska","2024","Index","0","90.103"
"SARPP-1","32000","Nevada","2024","Index","0","99.979"
"SARPP-1","33000","New Hampshire","2024","Index","0","104.165"
"SARPP-1","34000","New Jersey","2024","Index","0","108.805"
"SARPP-1","35000","New Mexico","2024","Index","0","92.212"
"SARPP-1","36000","New York","2024","Index","0","107.921"
"SARPP-1","37000","North Carolina","2024","Index","0","94.326"
"SARPP-1","38000","North Dakota","2024","Index","0","88.959"
"SARPP-1","39000","Ohio","2024","Index","0","92.774"
"SARPP-1","40000","Oklahoma","2024","Index","0","87.843"
"SARPP-1","41000","Oregon","2024","Index","0","103.361"
"SARPP-1","42000","Pennsylvania","2024","Index","0","97.572"
"SARPP-1","44000","Rhode Island","2024","Index","0","102.280"
"SARPP-1","45000","South Carolina","2024","Index","0","93.749"
"SARPP-1","46000","South Dakota","2024","Index","0","88.586"
"SARPP-1","47000","Tennessee","2024","Index","0","91.870"
"SARPP-1","48000","Texas","2024","Index","0","97.057"
"SARPP-1","49000","Utah","2024","Index","0","98.864"
"SARPP-1","50000","Vermont","2024","Index","0","97.958"
"SARPP-1","51000","Virginia","2024","Index","0","101.104"
"SARPP-1","53000","Washington","2024","Index","0","107.013"
"SARPP-1","54000","West Virginia","2024","Index","0","89.497"
"SARPP-1","55000","Wisconsin","2024","Index","0","94.095"
"SARPP-1","56000","Wyoming","2024","Index","0","92.691"
