"GeoFips","state","year","nominal_pcpi","rpp_all_items","adjusted_pcpi","official_real_pcpi","nominal_rank","adjusted_rank","rank_change","official_real_rank","official_to_adjusted_ratio"
"01000","Alabama",2024,57311,88.823,64522.7024531934,52216,48,47,1,47,0.809265545532271
"02000","Alaska",2024,76234,102.359,74477.0855518323,60272,12,17,-5,17,0.809269046357268
"04000","Arizona",2024,65798,100.677,65355.5429740656,52890,33,42,-9,42,0.809265711723761
"05000","Arkansas",2024,59320,86.937,68233.3183799763,55219,45,37,8,37,0.809267397673635
"06000","California",2024,86232,110.72,77882.9479768786,63028,4,12,-8,12,0.809265720382225
"08000","Colorado",2024,83055,103.052,80595.2334743625,65223,9,7,2,7,0.809266220697129
"09000","Connecticut",2024,95067,103.61,91754.6568864009,74254,1,2,-1,2,0.809266826553904
"10000","Delaware",2024,68061,99.808,68191.9285027252,55185,28,38,-10,38,0.809259999118438
"12000","Florida",2024,73006,103.414,70595.8574274276,57131,16,29,-13,29,0.809268448346711
"13000","Georgia",2024,63006,96.293,65431.5474645094,52952,41,41,0,41,0.809273233660286
"15000","Hawaii",2024,71019,109.951,64591.4998499332,52272,20,46,-26,46,0.809270571537194
"16000","Idaho",2024,62323,95.494,65263.7862064632,52816,42,43,-1,43,0.809269628227139
"17000","Illinois",2024,74522,99.958,74553.3123912043,60333,15,16,-1,16,0.809259817771933
"18000","Indiana",2024,64077,93.329,68657.1162232532,55562,38,35,3,35,0.809267896124975
"19000","Iowa",2024,65225,87.762,74320.3208678016,60144,35,18,17,18,0.809253772019931
"20000","Kansas",2024,65856,90.068,73118.0885553138,59172,32,20,12,20,0.809266231778426
"21000","Kentucky",2024,58256,90.159,64614.7361882896,52290,46,45,1,45,0.809258121051909
"22000","Louisiana",2024,61897,88.207,70172.435294251,56789,43,30,13,30,0.809277884711698
"23000","Maine",2024,68932,97.05,71027.3055126224,57480,27,28,-1,28,0.809266233389427
"24000","Maryland",2024,79259,104.959,75514.2484208119,61111,10,15,-5,15,0.809264493496007
"25000","Massachusetts",2024,93607,105.757,88511.3987726581,71629,2,3,-1,3,0.809262998814191
"26000","Michigan",2024,63690,96.217,66194.1236995541,53569,40,40,0,40,0.809271231433506
"27000","Minnesota",2024,75603,98.621,76660.1433771712,62039,14,13,1,13,0.809273205957435
"28000","Mississippi",2024,52074,86.953,59887.5254447805,48465,50,50,0,50,0.809267032492223
"29000","Missouri",2024,64920,90.817,71484.4137110893,57850,36,27,9,27,0.809267321318546
"30000","Montana",2024,69240,94.645,73157.58888478,59203,26,19,7,19,0.809253023541306
"31000","Nebraska",2024,72701,90.103,80686.5476177264,65297,17,5,12,5,0.809267491643856
"32000","Nevada",2024,69805,99.979,69819.6621290471,56503,25,31,-6,31,0.80927060196261
"33000","New Hampshire",2024,83192,104.165,79865.5978495656,64632,8,8,0,8,0.809259577844023
"34000","New Jersey",2024,84893,108.805,78023.0687927945,63142,7,11,-4,11,0.809273474844805
"35000","New Mexico",2024,58249,92.212,63168.5680822453,51121,47,48,-1,48,0.809279069511923
"36000","New York",2024,85552,107.921,79272.8014010248,64153,5,10,-5,10,0.809268738661866
"37000","North Carolina",2024,65634,94.326,69582.0876534572,56310,34,32,2,32,0.809259996343359
"38000","North Dakota",2024,71749,88.959,80654.0091502827,65271,18,6,12,6,0.80927161200853
"39000","Ohio",2024,64464,92.774,69484.985017354,56232,37,33,4,33,0.809268361876396
"40000","Oklahoma",2024,63708,87.843,72524.8454629282,58692,39,22,17,22,0.809267494820117
"41000","Oregon",2024,70823,103.361,68520.0414082681,55451,21,36,-15,36,0.80926687813281
"42000","Pennsylvania",2024,70678,97.572,72436.764645595,58620,22,23,-1,23,0.809257568125867
"44000","Rhode Island",2024,70622,102.28,69047.7121626907,55878,23,34,-11,34,0.809266494859959
"45000","South Carolina",2024,60776,93.749,64828.4248365316,52463,44,44,0,44,0.809259212024483
"46000","South Dakota",2024,75699,88.586,85452.5545797304,69153,13,4,9,4,0.809256087662981
"47000","Tennessee",2024,66504,91.87,72389.2456732339,58582,31,24,7,24,0.809263854805726
"48000","Texas",2024,69823,97.057,71940.2000886077,58219,24,26,-2,26,0.809269364392822
"49000","Utah",2024,67333,98.864,68106.6920213627,55116,30,39,-9,39,0.809259683067738
"50000","Vermont",2024,71287,97.958,72773.0251740542,58893,19,21,-2,21,0.809269641589631
"51000","Virginia",2024,77351,101.104,76506.3696787466,61914,11,14,-3,14,0.809265950795723
"53000","Washington",2024,85187,107.013,79604.3471353948,64421,6,9,-3,9,0.80926484944886
"54000","West Virginia",2024,55351,89.497,61846.7658133792,50051,49,49,0,49,0.809274330545067
"55000","Wisconsin",2024,67755,94.095,72007.0141877889,58273,29,25,4,25,0.809268383883108
"56000","Wyoming",2024,86477,92.691,93296.0050058797,75501,3,1,2,1,0.809262947488928
