"GeoFips","state","year","nominal_pcpi","rpp_all_items","official_real_pcpi"
"01000","Alabama","2024",57311,88.823,52216
"02000","Alaska","2024",76234,102.359,60272
"04000","Arizona","2024",65798,100.677,52890
"05000","Arkansas","2024",59320,86.937,55219
"06000","California","2024",86232,110.72,63028
"08000","Colorado","2024",83055,103.052,65223
"09000","Connecticut","2024",95067,103.61,74254
"10000","Delaware","2024",68061,99.808,55185
"12000","Florida","2024",73006,103.414,57131
"13000","Georgia","2024",63006,96.293,52952
"15000","Hawaii","2024",71019,109.951,52272
"16000","Idaho","2024",62323,95.494,52816
"17000","Illinois","2024",74522,99.958,60333
"18000","Indiana","2024",64077,93.329,55562
"19000","Iowa","2024",65225,87.762,60144
"20000","Kansas","2024",65856,90.068,59172
"21000","Kentucky","2024",58256,90.159,52290
"22000","Louisiana","2024",61897,88.207,56789
"23000","Maine","2024",68932,97.05,57480
"24000","Maryland","2024",79259,104.959,61111
"25000","Massachusetts","2024",93607,105.757,71629
"26000","Michigan","2024",63690,96.217,53569
"27000","Minnesota","2024",75603,98.621,62039
"28000","Mississippi","2024",52074,86.953,48465
"29000","Missouri","2024",64920,90.817,57850
"30000","Montana","2024",69240,94.645,59203
"31000","Nebraska","2024",72701,90.103,65297
"32000","Nevada","2024",69805,99.979,56503
"33000","New Hampshire","2024",83192,104.165,64632
"34000","New Jersey","2024",84893,108.805,63142
"35000","New Mexico","2024",58249,92.212,51121
"36000","New York","2024",85552,107.921,64153
"37000","North Carolina","2024",65634,94.326,56310
"38000","North Dakota","2024",71749,88.959,65271
"39000","Ohio","2024",64464,92.774,56232
"40000","Oklahoma","2024",63708,87.843,58692
"41000","Oregon","2024",70823,103.361,55451
"42000","Pennsylvania","2024",70678,97.572,58620
"44000","Rhode Island","2024",70622,102.28,55878
"45000","South Carolina","2024",60776,93.749,52463
"46000","South Dakota","2024",75699,88.586,69153
"47000","Tennessee","2024",66504,91.87,58582
"48000","Texas","2024",69823,97.057,58219
"49000","Utah","2024",67333,98.864,55116
"50000","Vermont","2024",71287,97.958,58893
"51000","Virginia","2024",77351,101.104,61914
"53000","Washington","2024",85187,107.013,64421
"54000","West Virginia","2024",55351,89.497,50051
"55000","Wisconsin","2024",67755,94.095,58273
"56000","Wyoming","2024",86477,92.691,75501
